video;track_id;product_name;price_default;price_card;price_discount;barcode;discount_amount;id_sku;print_datetime;code;additional_info;color;special_symbols;qr_code_barcode;price1_qr;price2_qr;price3_qr;price4_qr;wholesale_level_1_count;wholesale_level_1_price;wholesale_level_2_count;wholesale_level_2_price;action_price_qr;action_code_qr
25_12-20;1;Напиток безалкогальный ABRAU LGHT Apomar. c raa. (РОCСHя) 0. 25L;нет;129,99;нет;4680140271438;-10%;770207716035;нет;нет;нет;red;нет;нет;нет;нет;нет;нет;нет;нет;нет;нет;нет;нет
25_12-20;2;Hаниток безалкогольный SANTO STEFANO Biаnco (Pоссия) 0. 25L;252,00;129,99;нет;1670025471658;-48%;2702734529;нет;нет;нет;red;нет;нет;нет;нет;нет;нет;нет;нет;нет;нет;нет;нет
25_12-20;3;Вино безалогольное LE PETIT OERET Sauvignon(@panu) 0.75L Сyoе;1308,00;699,99;нет;нет;-48%;нет;нет;нет;нет;red;нет;нет;нет;нет;нет;нет;нет;нет;нет;нет;нет;нет
25_12-20;4;BaHO бецлооль MAYEACH p01 Cy.(Fepae) TSL;1263,00;769,99;нет;нет;-39%;нет;нет;нет;Полусухое;red;нет;нет;нет;нет;нет;нет;нет;нет;нет;нет;нет;нет
25_12-20;5;Bnta безалогольмое CARL JUNG CUVCe гоdр. (Герман)0 75L;1684,00;1199,99;нет;нет;-28%;нет;нет;нет;нет;red;нет;нет;нет;нет;нет;нет;нет;нет;нет;нет;нет;нет
25_12-20;6;HanaTOk Genrom SANTO STEFANO Rest0(Poco)0. 25L;252,00;129,99;нет;670025474655;-48%;нет;нет;нет;нет;red;нет;нет;нет;нет;нет;нет;нет;нет;нет;нет;нет;нет
25_12-20;7;ВMHO бехалеогальное MAYBACH 6en. (Гермамия) Cyx. 75L;нет;799,99;нет;нет;-36%;нет;нет;нет;нет;red;нет;нет;нет;нет;нет;нет;нет;нет;нет;нет;нет;нет
25_12-20;8;Н3Tаток безалкогольный ABRAU UGHT Аромат. розоный с газ. (Россия) 0. 25L;40171,62;129,99;нет;270267716034;-10%;680140270;нет;нет;нет;red;нет;нет;нет;нет;нет;нет;нет;нет;нет;нет;нет;нет
25_12-20;9;нет;нет;нет;нет;нет;нет;нет;нет;нет;нет;red;нет;нет;нет;нет;нет;нет;нет;нет;нет;нет;нет;нет
25_12-20;10;Bино безалогольо MUCHO MAS 6eN. cyх.(Hcnamя)0 Поnуcуxоо;751,00;106,99;нет;нет;нет;нет;нет;нет;нет;red;нет;нет;нет;нет;нет;нет;нет;нет;нет;нет;нет;нет
25_12-20;11;3 по цене 2;нет;нет;нет;нет;нет;нет;нет;нет;по цене;red;нет;нет;нет;нет;нет;нет;нет;нет;нет;нет;нет;нет
25_12-20;13;нет;нет;221,99;нет;07001410201;нет;нет;нет;нет;нет;red;нет;нет;нет;нет;нет;нет;нет;нет;нет;нет;нет;нет
25_12-20;20;нет;нет;1049,99;нет;нет;нет;нет;нет;нет;нет;red;нет;нет;нет;нет;нет;нет;нет;нет;нет;нет;нет;нет
25_12-20;24;нет;нет;нет;нет;нет;нет;нет;нет;нет;нет;red;нет;нет;нет;нет;нет;нет;нет;нет;нет;нет;нет;нет
25_12-20;28;нет;нет;нет;нет;нет;нет;нет;нет;нет;нет;red;нет;нет;нет;нет;нет;нет;нет;нет;нет;нет;нет;нет
25_12-20;31;е нет DUCT2O 1a734 /e Or 3 шт.760;760,00;8052,99;нет;нет;нет;нет;нет;нет;нет;red;нет;нет;нет;нет;нет;нет;нет;нет;нет;нет;нет;нет
25_12-20;33;нет;нет;нет;нет;нет;нет;нет;нет;нет;нет;red;нет;нет;нет;нет;нет;нет;нет;нет;нет;нет;нет;нет
25_12-20;36;нет;нет;549,99;нет;нет;нет;нет;нет;нет;нет;red;нет;нет;нет;нет;нет;нет;нет;нет;нет;нет;нет;нет
25_12-20;37;нет;нет;нет;нет;нет;нет;нет;нет;нет;нет;red;нет;нет;нет;нет;нет;нет;нет;нет;нет;нет;нет;нет
25_12-20;41;нет;нет;799,99;нет;нет;нет;нет;нет;нет;нет;red;нет;нет;нет;нет;нет;нет;нет;нет;нет;нет;нет;нет
25_12-20;43;нет;1684,00;1299,99;нет;нет;нет;нет;нет;нет;нет;red;нет;нет;нет;нет;нет;нет;нет;нет;нет;нет;нет;нет
25_12-20;48;нет;нет;1299,99;нет;нет;нет;нет;нет;нет;нет;red;нет;нет;нет;нет;нет;нет;нет;нет;нет;нет;нет;нет
25_12-20;49;нет;нет;нет;нет;нет;нет;нет;нет;нет;нет;red;нет;нет;нет;нет;нет;нет;нет;нет;нет;нет;нет;нет
25_12-20;53;нет;нет;нет;нет;нет;нет;нет;нет;нет;нет;red;нет;нет;нет;нет;нет;нет;нет;нет;нет;нет;нет;нет
25_12-20;54;нет;нет;299,99;нет;нет;нет;нет;нет;нет;нет;red;нет;нет;нет;нет;нет;нет;нет;нет;нет;нет;нет;нет
25_12-20;55;нет;нет;1299,99;нет;нет;нет;нет;нет;нет;нет;red;нет;нет;нет;нет;нет;нет;нет;нет;нет;нет;нет;нет
25_12-20;57;нет;нет;6251,99;нет;нет;нет;нет;нет;нет;нет;red;нет;нет;нет;нет;нет;нет;нет;нет;нет;нет;нет;нет
25_12-20;63;нет;нет;нет;нет;нет;нет;нет;нет;нет;нет;red;нет;нет;нет;нет;нет;нет;нет;нет;нет;нет;нет;нет
25_12-20;64;CARL SG;нет;999,99;нет;нет;-40%;нет;нет;нет;нет;red;нет;нет;нет;нет;нет;нет;нет;нет;нет;нет;нет;нет
25_12-20;66;нет;нет;999,99;нет;нет;нет;нет;нет;нет;нет;red;нет;нет;нет;нет;нет;нет;нет;нет;нет;нет;нет;нет
25_12-20;68;нет;нет;нет;нет;нет;нет;нет;нет;нет;нет;red;нет;нет;нет;нет;нет;нет;нет;нет;нет;нет;нет;нет
25_12-20;76;нет;нет;179,99;нет;нет;нет;нет;нет;нет;нет;red;нет;нет;нет;нет;нет;нет;нет;нет;нет;нет;нет;нет
25_12-20;80;3V Рo ст. Росода о;нет;179,99;нет;нет;-31%;нет;нет;нет;нет;red;нет;нет;нет;нет;нет;нет;нет;нет;нет;нет;нет;нет
25_12-20;81;нет;нет;965,99;нет;нет;нет;нет;нет;нет;нет;red;нет;нет;нет;нет;нет;нет;нет;нет;нет;нет;нет;нет
25_12-20;88;нет;нет;нет;нет;нет;нет;нет;нет;нет;нет;red;нет;нет;нет;нет;нет;нет;нет;нет;нет;нет;нет;нет
25_12-20;90;нет;нет;нет;нет;нет;нет;нет;нет;нет;нет;red;нет;нет;нет;нет;нет;нет;нет;нет;нет;нет;нет;нет
25_12-20;91;ONTERA;нет;нет;нет;нет;нет;нет;нет;нет;нет;red;нет;нет;нет;нет;нет;нет;нет;нет;нет;нет;нет;нет
25_12-20;92;нет;нет;29,99;нет;нет;нет;нет;нет;нет;нет;red;нет;нет;нет;нет;нет;нет;нет;нет;нет;нет;нет;нет
25_12-20;97;нет;нет;нет;нет;нет;нет;нет;нет;нет;нет;red;нет;нет;нет;нет;нет;нет;нет;нет;нет;нет;нет;нет
25_12-20;98;нет;нет;нет;нет;нет;нет;нет;нет;нет;нет;red;нет;нет;нет;нет;нет;нет;нет;нет;нет;нет;нет;нет
25_12-20;99;нет;нет;399,99;нет;нет;нет;нет;нет;нет;нет;red;нет;нет;нет;нет;нет;нет;нет;нет;нет;нет;нет;нет
25_12-20;101;нет;нет;39,99;нет;нет;-29%;нет;нет;нет;нет;red;нет;нет;нет;нет;нет;нет;нет;нет;нет;нет;нет;нет
25_12-20;104;нет;нет;нет;нет;нет;нет;нет;нет;нет;нет;red;нет;нет;нет;нет;нет;нет;нет;нет;нет;нет;нет;нет
25_12-20;107;нет;нет;нет;нет;нет;нет;нет;нет;нет;нет;red;нет;нет;нет;нет;нет;нет;нет;нет;нет;нет;нет;нет
25_12-20;108;нет;нет;нет;нет;нет;нет;нет;нет;нет;нет;red;нет;нет;нет;нет;нет;нет;нет;нет;нет;нет;нет;нет
25_12-20;110;нет;нет;нет;нет;нет;нет;нет;нет;нет;нет;red;нет;нет;нет;нет;нет;нет;нет;нет;нет;нет;нет;нет
25_12-20;111;нет;нет;нет;нет;нет;-29%;нет;нет;нет;нет;red;нет;нет;нет;нет;нет;нет;нет;нет;нет;нет;нет;нет
25_12-20;112;CPOHTEF;3751,00;300,99;нет;нет;нет;нет;нет;нет;по цене;red;нет;нет;нет;нет;нет;нет;нет;нет;нет;нет;нет;нет
25_12-20;113;нет;нет;нет;нет;нет;нет;нет;нет;нет;нет;red;нет;нет;нет;нет;нет;нет;нет;нет;нет;нет;нет;нет
25_12-20;118;нет;нет;нет;нет;нет;нет;нет;нет;нет;нет;red;нет;нет;нет;нет;нет;нет;нет;нет;нет;нет;нет;нет
25_12-20;120;нет;нет;нет;нет;нет;-56%;нет;нет;нет;нет;red;нет;нет;нет;нет;нет;нет;нет;нет;нет;нет;нет;нет
25_12-20;123;OWPTT T2;нет;1671,99;нет;нет;нет;нет;нет;нет;нет;red;нет;нет;нет;нет;нет;нет;нет;нет;нет;нет;нет;нет
25_12-20;127;нет;нет;нет;нет;нет;-18%;нет;нет;нет;нет;red;нет;нет;нет;нет;нет;нет;нет;нет;нет;нет;нет;нет
25_12-20;131;нет;нет;нет;нет;нет;нет;нет;нет;нет;нет;red;нет;нет;нет;нет;нет;нет;нет;нет;нет;нет;нет;нет
25_12-20;132;нет;нет;нет;нет;нет;нет;нет;нет;нет;нет;red;нет;нет;нет;нет;нет;нет;нет;нет;нет;нет;нет;нет
25_12-20;138;нет;нет;нет;нет;нет;нет;нет;нет;нет;нет;red;нет;нет;нет;нет;нет;нет;нет;нет;нет;нет;нет;нет
25_12-20;144;нет;нет;нет;нет;нет;нет;нет;нет;нет;нет;red;нет;нет;нет;нет;нет;нет;нет;нет;нет;нет;нет;нет
25_12-20;146;нет;нет;нет;нет;нет;нет;нет;нет;нет;нет;red;нет;нет;нет;нет;нет;нет;нет;нет;нет;нет;нет;нет
25_12-20;149;нет;нет;нет;нет;нет;нет;нет;нет;нет;нет;red;нет;нет;нет;нет;нет;нет;нет;нет;нет;нет;нет;нет
25_12-20;158;нет;нет;нет;нет;нет;нет;нет;нет;нет;нет;red;нет;нет;нет;нет;нет;нет;нет;нет;нет;нет;нет;нет
25_12-20;165;нет;нет;нет;нет;нет;нет;нет;нет;нет;нет;red;нет;нет;нет;нет;нет;нет;нет;нет;нет;нет;нет;нет
25_12-20;166;нет;нет;нет;нет;нет;нет;нет;нет;нет;нет;red;нет;нет;нет;нет;нет;нет;нет;нет;нет;нет;нет;нет
25_12-20;169;нет;нет;нет;нет;нет;нет;нет;нет;нет;нет;red;нет;нет;нет;нет;нет;нет;нет;нет;нет;нет;нет;нет
25_12-20;170;нет;нет;нет;нет;нет;нет;нет;нет;нет;нет;red;нет;нет;нет;нет;нет;нет;нет;нет;нет;нет;нет;нет
25_12-20;171;нет;нет;нет;нет;нет;нет;нет;нет;нет;нет;red;нет;нет;нет;нет;нет;нет;нет;нет;нет;нет;нет;нет
25_12-20;172;нет;нет;693,99;нет;нет;нет;нет;нет;нет;нет;red;нет;нет;нет;нет;нет;нет;нет;нет;нет;нет;нет;нет
25_12-20;175;нет;нет;нет;нет;нет;нет;нет;нет;нет;нет;red;нет;нет;нет;нет;нет;нет;нет;нет;нет;нет;нет;нет
25_12-20;176;нет;нет;нет;нет;нет;нет;нет;нет;нет;нет;red;нет;нет;нет;нет;нет;нет;нет;нет;нет;нет;нет;нет
25_12-20;180;нет;нет;нет;нет;нет;нет;нет;нет;нет;нет;red;нет;нет;нет;нет;нет;нет;нет;нет;нет;нет;нет;нет
25_12-20;181;нет;нет;нет;нет;нет;нет;нет;нет;нет;нет;red;нет;нет;нет;нет;нет;нет;нет;нет;нет;нет;нет;нет
25_12-20;190;6хнO GUS Ф. (Pоca) 11;нет;нет;нет;нет;нет;нет;нет;нет;нет;red;нет;нет;нет;нет;нет;нет;нет;нет;нет;нет;нет;нет
25_12-20;191;нет;нет;нет;нет;нет;нет;нет;нет;нет;нет;red;нет;нет;нет;нет;нет;нет;нет;нет;нет;нет;нет;нет
25_12-20;192;нет;нет;нет;нет;нет;нет;нет;нет;нет;нет;red;нет;нет;нет;нет;нет;нет;нет;нет;нет;нет;нет;нет
25_12-20;195;нет;нет;нет;нет;нет;нет;нет;нет;нет;нет;red;нет;нет;нет;нет;нет;нет;нет;нет;нет;нет;нет;нет
25_12-20;197;нет;нет;309,99;нет;нет;нет;нет;нет;нет;нет;red;нет;нет;нет;нет;нет;нет;нет;нет;нет;нет;нет;нет
25_12-20;198;нет;нет;нет;нет;нет;нет;нет;нет;нет;нет;red;нет;нет;нет;нет;нет;нет;нет;нет;нет;нет;нет;нет
25_12-20;201;Екно ЮБАНСКАЯ БОЛЬНИША ох. (Росоя)1 Cpx;нет;309,99;нет;нет;-10%;нет;нет;нет;нет;red;нет;нет;нет;нет;нет;нет;нет;нет;нет;нет;нет;нет
25_12-20;202;нет;нет;нет;нет;нет;нет;нет;нет;нет;нет;red;нет;нет;нет;нет;нет;нет;нет;нет;нет;нет;нет;нет
25_12-20;204;нет;нет;нет;нет;нет;нет;нет;нет;нет;нет;red;нет;нет;нет;нет;нет;нет;нет;нет;нет;нет;нет;нет
25_12-20;207;нет;нет;нет;нет;нет;нет;нет;нет;нет;нет;red;нет;нет;нет;нет;нет;нет;нет;нет;нет;нет;нет;нет
25_12-20;211;нет;нет;нет;нет;нет;нет;нет;нет;нет;нет;red;нет;нет;нет;нет;нет;нет;нет;нет;нет;нет;нет;нет
25_12-20;212;нет;нет;нет;нет;нет;нет;нет;нет;нет;нет;red;нет;нет;нет;нет;нет;нет;нет;нет;нет;нет;нет;нет
25_12-20;213;нет;нет;нет;нет;нет;нет;нет;нет;нет;нет;red;нет;нет;нет;нет;нет;нет;нет;нет;нет;нет;нет;нет
25_12-20;214;нет;нет;нет;нет;нет;нет;нет;нет;нет;нет;red;нет;нет;нет;нет;нет;нет;нет;нет;нет;нет;нет;нет
25_12-20;215;нет;нет;нет;нет;нет;нет;нет;нет;нет;нет;red;нет;нет;нет;нет;нет;нет;нет;нет;нет;нет;нет;нет
25_12-20;216;нет;нет;нет;нет;нет;нет;нет;нет;нет;нет;red;нет;нет;нет;нет;нет;нет;нет;нет;нет;нет;нет;нет
25_12-20;217;нет;нет;нет;нет;нет;нет;нет;нет;нет;нет;red;нет;нет;нет;нет;нет;нет;нет;нет;нет;нет;нет;нет
25_12-20;224;нет;нет;нет;нет;нет;нет;нет;нет;нет;нет;red;нет;нет;нет;нет;нет;нет;нет;нет;нет;нет;нет;нет
25_12-20;225;О6ъ OE ЛИ;нет;315,99;нет;нет;нет;нет;нет;нет;нет;red;нет;нет;нет;нет;нет;нет;нет;нет;нет;нет;нет;нет
25_12-20;226;Вкно сеь ЕИНОДЕПОВ cyх (Pocoxs) 1L Caoe;315,00;229,99;нет;нет;-27%;нет;нет;нет;нет;red;нет;нет;нет;нет;нет;нет;нет;нет;нет;нет;нет;нет
25_12-20;229;нет;нет;130,99;нет;нет;нет;13047908;нет;нет;нет;red;нет;нет;нет;нет;нет;нет;нет;нет;нет;нет;нет;нет
25_12-20;231;нет;нет;330,99;нет;нет;нет;нет;нет;нет;нет;red;нет;нет;нет;нет;нет;нет;нет;нет;нет;нет;нет;нет
25_12-20;232;нет;нет;нет;нет;нет;нет;нет;нет;нет;нет;red;нет;нет;нет;нет;нет;нет;нет;нет;нет;нет;нет;нет
25_12-20;237;нет;нет;нет;нет;нет;нет;нет;нет;нет;нет;red;нет;нет;нет;нет;нет;нет;нет;нет;нет;нет;нет;нет
25_12-20;238;нет;нет;нет;нет;нет;нет;нет;нет;нет;нет;red;нет;нет;нет;нет;нет;нет;нет;нет;нет;нет;нет;нет
25_12-20;239;нет;нет;нет;нет;нет;нет;нет;нет;нет;нет;red;нет;нет;нет;нет;нет;нет;нет;нет;нет;нет;нет;нет
25_12-20;240;нет;нет;нет;нет;нет;нет;нет;нет;нет;нет;red;нет;нет;нет;нет;нет;нет;нет;нет;нет;нет;нет;нет
25_12-20;241;нет;нет;нет;нет;нет;нет;нет;нет;нет;нет;red;нет;нет;нет;нет;нет;нет;нет;нет;нет;нет;нет;нет
25_12-20;242;нет;нет;нет;нет;нет;нет;нет;нет;нет;нет;red;нет;нет;нет;нет;нет;нет;нет;нет;нет;нет;нет;нет
25_12-20;244;нет;нет;нет;нет;нет;нет;нет;нет;нет;нет;red;нет;нет;нет;нет;нет;нет;нет;нет;нет;нет;нет;нет
25_12-20;245;нет;нет;нет;нет;нет;нет;нет;нет;нет;нет;red;нет;нет;нет;нет;нет;нет;нет;нет;нет;нет;нет;нет
25_12-20;247;нет;нет;нет;нет;нет;нет;нет;нет;нет;нет;red;нет;нет;нет;нет;нет;нет;нет;нет;нет;нет;нет;нет
25_12-20;251;нет;нет;нет;нет;нет;нет;нет;нет;нет;нет;red;нет;нет;нет;нет;нет;нет;нет;нет;нет;нет;нет;нет
25_12-20;252;нет;нет;нет;нет;нет;-12%;нет;нет;нет;нет;red;нет;нет;нет;нет;нет;нет;нет;нет;нет;нет;нет;нет
25_12-20;253;нет;нет;нет;нет;нет;нет;нет;нет;нет;нет;red;нет;нет;нет;нет;нет;нет;нет;нет;нет;нет;нет;нет
25_12-20;254;нет;нет;нет;нет;нет;нет;нет;нет;нет;Полусладкое;red;нет;нет;нет;нет;нет;нет;нет;нет;нет;нет;нет;нет
25_12-20;255;нет;нет;нет;нет;нет;нет;нет;нет;нет;нет;red;нет;нет;нет;нет;нет;нет;нет;нет;нет;нет;нет;нет
25_12-20;257;ВиНO EL TORITO Олимл Фелис cpa 6en. cy. (Pоссия)21;нет;699,99;нет;нет;-16%;нет;нет;нет;нет;red;нет;нет;нет;нет;нет;нет;нет;нет;нет;нет;нет;нет
25_12-20;259;Бино МОНАСТЫРСКАЯ TPАnEЗA 6eл. (Pocca) 1L cn;399,00;329,99;нет;нет;-17%;нет;нет;нет;нет;red;нет;нет;нет;нет;нет;нет;нет;нет;нет;нет;нет;нет
26_12-20;261;нет;нет;нет;нет;нет;нет;нет;нет;нет;нет;red;нет;нет;нет;нет;нет;нет;нет;нет;нет;нет;нет;нет
26_12-20;268;нет;нет;нет;нет;нет;нет;нет;нет;нет;нет;red;нет;нет;нет;нет;нет;нет;нет;нет;нет;нет;нет;нет
26_12-20;269;нет;нет;нет;нет;нет;нет;нет;нет;нет;нет;red;нет;нет;нет;нет;нет;нет;нет;нет;нет;нет;нет;нет
26_12-20;270;нет;нет;нет;нет;нет;нет;нет;нет;нет;нет;red;нет;нет;нет;нет;нет;нет;нет;нет;нет;нет;нет;нет
26_12-20;271;нет;нет;1399,99;нет;нет;нет;нет;нет;нет;нет;red;нет;нет;нет;нет;нет;нет;нет;нет;нет;нет;нет;нет
26_12-20;272;нет;нет;нет;нет;нет;нет;нет;нет;нет;нет;red;нет;нет;нет;нет;нет;нет;нет;нет;нет;нет;нет;нет
26_12-20;273;WCMALL WAALLRA BEAUOLAR;1899,00;1399,99;нет;нет;-30%;нет;нет;нет;нет;red;нет;нет;нет;нет;нет;нет;нет;нет;нет;нет;нет;нет
26_12-20;275;нет;нет;нет;нет;нет;нет;нет;нет;нет;нет;red;нет;нет;нет;нет;нет;нет;нет;нет;нет;нет;нет;нет
26_12-20;277;Вино CITRAN Бордо Суперьор kр. cyx. (Франция) 0. 75L Cyxoe;2631,00;1899,99;нет;нет;-27%;нет;нет;нет;нет;red;нет;нет;нет;нет;нет;нет;нет;нет;нет;нет;нет;нет
26_12-20;281;BиНO CLOCE DU CHARME Kа6еPНО Сонин.он «р. сух. (Фри) 0.75L;1334,00;1199,99;нет;нет;-10%;нет;нет;нет;по цене;red;нет;нет;нет;нет;нет;нет;нет;нет;нет;нет;нет;нет
26_12-20;284;Bo VOULN DE U FAYE WaT Peep.cy;нет;2345,99;нет;нет;-38%;нет;нет;нет;нет;red;нет;нет;нет;нет;нет;нет;нет;нет;нет;нет;нет;нет
26_12-20;285;нет;нет;нет;нет;нет;нет;нет;нет;нет;нет;red;нет;нет;нет;нет;нет;нет;нет;нет;нет;нет;нет;нет
26_12-20;287;нет;нет;нет;нет;нет;нет;нет;нет;нет;нет;red;нет;нет;нет;нет;нет;нет;нет;нет;нет;нет;нет;нет
26_12-20;288;нет;нет;нет;нет;нет;нет;нет;нет;нет;нет;red;нет;нет;нет;нет;нет;нет;нет;нет;нет;нет;нет;нет
26_12-20;290;BиНо CLOCE OU CHARME Mopno «p.cyx. (Францн) 0.75L;1334,00;1199,99;нет;нет;-10%;нет;нет;нет;по цене;red;нет;нет;нет;нет;нет;нет;нет;нет;нет;нет;нет;нет
26_12-20;292;DHMO PREIGNES LE VIEUХ Пэй дОх Лез Этонан Каберне Фран сорт. кр. сух (Франция) 0.75L;20015,00;1631,99;нет;552848940002;-32%;020015025810;нет;нет;нет;red;нет;нет;нет;нет;нет;нет;нет;нет;нет;нет;нет;нет
26_12-20;303;нет;нет;969,99;нет;нет;нет;нет;нет;нет;нет;red;нет;нет;нет;нет;нет;нет;нет;нет;нет;нет;нет;нет
26_12-20;310;Вино ALBERT BICHOT Chateau De Дгасу Пино Нуар Бургонь шыдерх, кр сух.(Франшия) 0.751 a4 Cyxoo;5578,00;2999,99;нет;270101423730;-46%;820043326807;нет;нет;нет;red;нет;нет;нет;нет;нет;нет;нет;нет;нет;нет;нет;нет
26_12-20;319;нет;нет;1499,99;нет;нет;нет;нет;нет;нет;нет;red;нет;нет;нет;нет;нет;нет;нет;нет;нет;нет;нет;нет
26_12-20;324;нет;нет;969,99;нет;нет;нет;нет;нет;нет;нет;red;нет;нет;нет;нет;нет;нет;нет;нет;нет;нет;нет;нет
26_12-20;326;нет;нет;1119,99;нет;нет;нет;нет;нет;нет;нет;red;нет;нет;нет;нет;нет;нет;нет;нет;нет;нет;нет;нет
26_12-20;337;BO LE GRAND D7SSD НОй Пно НуЭр p.№cy ()075L;1578,00;1119,99;нет;нет;-29%;нет;нет;нет;нет;red;нет;нет;нет;нет;нет;нет;нет;нет;нет;нет;нет;нет
26_12-20;341;нет;нет;нет;нет;нет;нет;нет;нет;нет;нет;red;нет;нет;нет;нет;нет;нет;нет;нет;нет;нет;нет;нет
26_12-20;342;Bк UAEAUME SAINT-PAUL TERROIR KoPEp AOP.C (ранs)0.75L Cyxoe;2526,00;2254,99;нет;нет;-10%;нет;нет;нет;нет;red;нет;нет;нет;нет;нет;нет;нет;нет;нет;нет;нет;нет
26_12-20;343;BиНO CLOCE DU O.M CHARMEMoPNO кp. cуx. (Франции) 0.75L;1334,00;1199,99;нет;нет;-10%;нет;нет;нет;нет;red;нет;нет;нет;нет;нет;нет;нет;нет;нет;нет;нет;нет
26_12-20;346;нет;нет;нет;нет;нет;нет;нет;нет;нет;нет;red;нет;нет;нет;нет;нет;нет;нет;нет;нет;нет;нет;нет
26_12-20;347;BиНO CLOCE OU CHARME KOOPHO Сонинон ер.сух. (Фрамя) 0.75L;1334,00;1199,99;нет;нет;-10%;нет;нет;нет;нет;red;нет;нет;нет;нет;нет;нет;нет;нет;нет;нет;нет;нет
26_12-20;348;нет;нет;нет;нет;нет;нет;нет;нет;нет;нет;red;нет;нет;нет;нет;нет;нет;нет;нет;нет;нет;нет;нет
26_12-20;353;нет;нет;1119,99;нет;нет;нет;нет;нет;нет;нет;red;нет;нет;нет;нет;нет;нет;нет;нет;нет;нет;нет;нет
26_12-20;354;BO LEGRAND NOLR  HD wC DUNU;10,75;1119,99;нет;нет;-29%;нет;нет;нет;нет;red;нет;нет;нет;нет;нет;нет;нет;нет;нет;нет;нет;нет
26_12-20;361;нет;нет;1119,99;нет;нет;нет;нет;нет;нет;нет;red;нет;нет;нет;нет;нет;нет;нет;нет;нет;нет;нет;нет
26_12-20;363;Bmo LE GRAND HOR KOee С0 ор1 CYA.()0751;751,00;1119,99;нет;нет;-29%;нет;нет;нет;нет;red;нет;нет;нет;нет;нет;нет;нет;нет;нет;нет;нет;нет
26_12-20;364;CÓTES;751,00;2749,99;нет;нет;нет;нет;нет;нет;нет;red;нет;нет;нет;нет;нет;нет;нет;нет;нет;нет;нет;нет
26_12-20;366;Вино GUIGAL Кот дю Рон Руж выд. кр. сух. (Франция) 0.75L G41 1274 Cyxco;44217,00;2749,99;нет;456049112180;-37%;7010173506;нет;нет;нет;red;нет;нет;нет;нет;нет;нет;нет;нет;нет;нет;нет;нет
26_12-20;371;BHHO CAHORS Шато Брю Лигардет 0ьд. р. сух. (Францн)0.75L;2105,00;1529,99;нет;нет;-27%;нет;нет;нет;нет;red;нет;нет;нет;нет;нет;нет;нет;нет;нет;нет;нет;нет
26_12-20;372;TFURT BOUE;нет;2299,99;нет;нет;нет;нет;нет;нет;нет;red;нет;нет;нет;нет;нет;нет;нет;нет;нет;нет;нет;нет
26_12-20;377;ВинO BOURGOGNE PINOT NOIR PIERRE NEROL выерж. COpT AOP kp. cyx. (Франция) 0.75L 601027u, Cyxoe;3157,00;2299,99;нет;2701017013901;-27%;020017028013;нет;нет;нет;red;нет;3298660031398;3157.89;2999.99;нет;2299.99;нет;нет;нет;нет;нет;нет
26_12-20;378;ВиНО ЛЕ СЕЛЬЕЖАН ДАЛИБЕР ВНО Ситепь Peдopn Cyx. (Фраии») 75L;1684,00;1199,99;нет;нет;-28%;нет;нет;нет;нет;red;нет;нет;нет;нет;нет;нет;нет;нет;нет;нет;нет;нет
26_12-20;380;LE CHÁTE IELX NDC;2020,00;2184,99;нет;нет;нет;нет;нет;нет;нет;red;нет;нет;нет;нет;нет;нет;нет;нет;нет;нет;нет;нет
26_12-20;384;нет;нет;нет;нет;нет;нет;нет;нет;нет;нет;red;нет;нет;нет;нет;нет;нет;нет;нет;нет;нет;нет;нет
26_12-20;388;BHO CHATEAU LE VIEUХ FORT Бордо Медок Крю Буржуа АОПшыдеря.кр сух.(Франция) 0. 75L Gop Cyxoe;2526,00;2184,99;нет;626017026013;-13%;7000104827;нет;нет;нет;red;нет;3770001048277;2526.31;2399.99;нет;2184.99;нет;нет;нет;нет;нет;нет
26_12-20;394;MMU LA BAUME SAINT. PAUL MOPAO ПаДОКИСР (@)075L CL;1999,00;1399,99;нет;нет;нет;нет;нет;нет;нет;red;нет;нет;нет;нет;нет;нет;нет;нет;нет;нет;нет;нет
26_12-20;395;нет;нет;нет;нет;нет;нет;нет;нет;нет;нет;red;нет;нет;нет;нет;нет;нет;нет;нет;нет;нет;нет;нет
26_12-20;396;BO GLGAL;нет;2749,99;нет;нет;нет;нет;нет;нет;нет;red;нет;нет;нет;нет;нет;нет;нет;нет;нет;нет;нет;нет
26_12-20;397;нет;нет;2299,99;нет;нет;нет;нет;нет;нет;нет;red;нет;нет;нет;нет;нет;нет;нет;нет;нет;нет;нет;нет
26_12-20;398;нет;нет;641,99;нет;нет;нет;нет;нет;нет;нет;red;нет;нет;нет;нет;нет;нет;нет;нет;нет;нет;нет;нет
26_12-20;399;нет;нет;нет;нет;нет;нет;нет;нет;нет;нет;red;нет;нет;нет;нет;нет;нет;нет;нет;нет;нет;нет;нет
26_12-20;400;нет;нет;нет;нет;нет;нет;нет;нет;нет;нет;red;нет;нет;нет;нет;нет;нет;нет;нет;нет;нет;нет;нет
26_12-20;401;нет;нет;нет;нет;нет;нет;нет;нет;нет;нет;red;нет;нет;нет;нет;нет;нет;нет;нет;нет;нет;нет;нет
26_12-20;402;нет;нет;нет;нет;нет;нет;нет;нет;нет;нет;red;нет;нет;нет;нет;нет;нет;нет;нет;нет;нет;нет;нет
26_12-20;403;нет;нет;2039,99;нет;нет;нет;нет;нет;нет;нет;red;нет;нет;нет;нет;нет;нет;нет;нет;нет;нет;нет;нет
26_12-20;404;нет;нет;нет;нет;нет;нет;нет;нет;нет;нет;red;нет;нет;нет;нет;нет;нет;нет;нет;нет;нет;нет;нет
26_12-20;405;нет;нет;нет;нет;нет;нет;нет;нет;нет;нет;red;нет;нет;нет;нет;нет;нет;нет;нет;нет;нет;нет;нет
26_12-20;406;нет;нет;нет;нет;нет;нет;нет;нет;нет;нет;red;нет;нет;нет;нет;нет;нет;нет;нет;нет;нет;нет;нет
26_12-20;408;нет;нет;нет;нет;нет;нет;нет;нет;нет;нет;red;нет;нет;нет;нет;нет;нет;нет;нет;нет;нет;нет;нет
26_12-20;410;DNO LAURENT CHARDIGNY PINOT NOIR AOP Dourgogne copr op p.cy (Фрамм)0. 75L Cyxoe;2421,00;699,99;нет;нет;-29%;430408013;нет;нет;нет;red;нет;нет;нет;нет;нет;нет;нет;нет;нет;нет;нет;нет
26_12-20;411;нет;нет;нет;нет;нет;нет;нет;нет;нет;нет;red;нет;нет;нет;нет;нет;нет;нет;нет;нет;нет;нет;нет
26_12-20;412;нет;нет;нет;нет;нет;нет;нет;нет;нет;нет;red;нет;нет;нет;нет;нет;нет;нет;нет;нет;нет;нет;нет
26_12-20;422;нет;нет;нет;нет;нет;нет;нет;нет;нет;нет;red;нет;нет;нет;нет;нет;нет;нет;нет;нет;нет;нет;нет
26_12-20;423;нет;2075,00;799,99;нет;нет;нет;нет;нет;нет;нет;red;нет;нет;нет;нет;нет;нет;нет;нет;нет;нет;нет;нет
26_12-20;431;BиHо PIERRE PLANTEE ординарное кр. сух. (Франция) 0. 75L б ости в Cyxoe;2105,00;1199,99;нет;270101443432;-43%;780045747;нет;нет;нет;red;нет;нет;нет;нет;нет;нет;нет;нет;нет;нет;нет;нет
26_12-20;432;нет;нет;нет;нет;нет;нет;нет;нет;нет;нет;red;нет;нет;нет;нет;нет;нет;нет;нет;нет;нет;нет;нет
26_12-20;435;CMATEAL;нет;нет;нет;нет;нет;нет;нет;нет;нет;red;нет;нет;нет;нет;нет;нет;нет;нет;нет;нет;нет;нет
26_12-20;436;ВиHо ROBERT CHARTON BОPДО AOP κp.CYx. (Фрамци)0.75L Cyxo0;10110,00;799,99;нет;256030010244;-41%;нет;нет;нет;нет;red;нет;нет;нет;нет;нет;нет;нет;нет;нет;нет;нет;нет
26_12-20;439;нет;нет;25,99;нет;нет;нет;нет;нет;нет;нет;red;нет;нет;нет;нет;нет;нет;нет;нет;нет;нет;нет;нет
26_12-20;440;б)юрти, р;20295,00;1653,99;нет;нет;нет;нет;нет;нет;нет;red;нет;нет;нет;нет;нет;нет;нет;нет;нет;нет;нет;нет
26_12-20;442;нет;нет;нет;нет;нет;нет;нет;нет;нет;нет;red;нет;нет;нет;нет;нет;нет;нет;нет;нет;нет;нет;нет
26_12-20;450;нет;нет;нет;нет;нет;нет;нет;нет;нет;нет;red;нет;нет;нет;нет;нет;нет;нет;нет;нет;нет;нет;нет
26_12-20;451;Вино BANF Brunello Di Montalcino vapov. кр. сух.. (Италия) О. 75L Cyxoe;11568,00;5787,99;нет;690491103135;-49%;270102144540;нет;нет;нет;red;нет;нет;нет;нет;нет;нет;нет;нет;нет;нет;нет;нет
26_12-20;455;BMNO TENUTA VNO;2894,00;199,99;нет;нет;-30%;нет;нет;нет;нет;red;нет;нет;нет;нет;нет;нет;нет;нет;нет;нет;нет;нет
26_12-20;457;нет;нет;1899,99;нет;нет;нет;нет;нет;нет;нет;red;нет;нет;нет;нет;нет;нет;нет;нет;нет;нет;нет;нет
26_12-20;459;A1 TAP Cyxoc;2315,00;1899,99;нет;770102473223;-17%;нет;нет;нет;нет;red;нет;нет;нет;нет;нет;нет;нет;нет;нет;нет;нет;нет
26_12-20;461;BHO LE VIGNE DI SAMMARCO NEGROAMARO IGP cya Иranwn) ap.nv 75L;1894,00;1299,99;нет;нет;-31%;нет;нет;нет;нет;red;нет;нет;нет;нет;нет;нет;нет;нет;нет;нет;нет;нет
26_12-20;462;BиHO PLACIDO Кьянти ординарное сортопое «р. сух. (Италия) 0. 75L e1одтиР Cyxoc;2105,00;1299,99;нет;025017025013;-38%;270102362837;нет;нет;нет;red;нет;нет;нет;нет;нет;нет;нет;нет;нет;нет;нет;нет
26_12-20;464;нет;нет;1499,99;нет;нет;-28%;нет;нет;нет;нет;red;нет;нет;нет;нет;нет;нет;нет;нет;нет;нет;нет;нет
26_12-20;465;OSCANO;нет;1199,99;нет;нет;нет;нет;нет;нет;нет;red;нет;нет;нет;нет;нет;нет;нет;нет;нет;нет;нет;нет
26_12-20;470;Bино MININI Монтепульчано д Абруццо ДОК кр. сух.(Италия) 0. 75L 6100T4P Cyxoe;2105,00;1499,99;нет;270102075880;-28%;028005028007;нет;нет;нет;red;нет;нет;нет;нет;нет;нет;нет;нет;нет;нет;нет;нет
26_12-20;471;Вино РOGСИO TOSCO Pocco Тоскано ИГТсoр (Италин) «р.Cy 75L;1578,00;1199,99;нет;нет;-24%;нет;нет;нет;нет;red;нет;нет;нет;нет;нет;нет;нет;нет;нет;нет;нет;нет
26_12-20;472;нет;нет;нет;нет;нет;нет;нет;нет;нет;нет;red;нет;нет;нет;нет;нет;нет;нет;нет;нет;нет;нет;нет
26_12-20;474;BмнO LE VIGNEDI SANMARCO NEGROAMAROIGP KD_ n cyx (Mrann)0 PSL;нет;1299,99;нет;нет;-31%;нет;нет;нет;нет;red;нет;нет;нет;нет;нет;нет;нет;нет;нет;нет;нет;нет
26_12-20;475;Ge30pr0;нет;1894,99;нет;нет;нет;нет;нет;нет;нет;red;нет;нет;нет;нет;нет;нет;нет;нет;нет;нет;нет;нет
26_12-20;477;нет;нет;нет;нет;нет;нет;нет;нет;нет;нет;red;нет;нет;нет;нет;нет;нет;нет;нет;нет;нет;нет;нет
26_12-20;480;BHHO ASTRALE Hеро дАнола сортовое орд.«р. сух.(Итал») 0.75;101,00;1399,99;нет;нет;-20%;нет;нет;нет;нет;red;нет;нет;нет;нет;нет;нет;нет;нет;нет;нет;нет;нет
26_12-20;481;ВИНО CUVEE 16<p n cух (Италия) 0. 75L;75,16;1549,99;нет;нет;-26%;нет;нет;нет;нет;red;нет;нет;нет;нет;нет;нет;нет;нет;нет;нет;нет;нет
26_12-20;482;Вино CUVEE 16 кр. п/cyx. (Италия) 0.75L;75,16;1549,99;нет;008863058710;-26%;270102713431;нет;нет;нет;red;нет;нет;нет;нет;нет;нет;нет;нет;нет;нет;нет;нет
26_12-20;484;нет;нет;нет;нет;нет;нет;нет;нет;нет;нет;red;нет;нет;нет;нет;нет;нет;нет;нет;нет;нет;нет;нет
26_12-20;485;нет;нет;нет;нет;нет;нет;нет;нет;нет;нет;red;нет;нет;нет;нет;нет;нет;нет;нет;нет;нет;нет;нет
26_12-20;486;DC ASTNRE;2207,00;1399,99;нет;нет;нет;нет;нет;нет;нет;red;нет;нет;нет;нет;нет;нет;нет;нет;нет;нет;нет;нет
26_12-20;487;нет;нет;1299,99;нет;нет;нет;нет;нет;нет;нет;red;нет;нет;нет;нет;нет;нет;нет;нет;нет;нет;нет;нет
26_12-20;488;B TORREBRUNA 1o0 Coe IGTe 0x.()02;нет;1499,99;нет;нет;нет;нет;нет;нет;нет;red;нет;нет;нет;нет;нет;нет;нет;нет;нет;нет;нет;нет
26_12-20;489;нет;нет;нет;нет;нет;нет;нет;нет;нет;нет;red;нет;нет;нет;нет;нет;нет;нет;нет;нет;нет;нет;нет
26_12-20;508;нет;нет;нет;нет;нет;нет;нет;нет;нет;нет;red;нет;нет;нет;нет;нет;нет;нет;нет;нет;нет;нет;нет
26_12-20;515;Вино STRANAMENTE ординарное кр. п/ сух. (Италия) 0. 75L;1578,00;1349,99;нет;нет;-14%;нет;нет;нет;Полусухое;red;нет;нет;нет;нет;нет;нет;нет;нет;нет;нет;нет;нет
26_12-20;516;нет;нет;нет;нет;нет;нет;нет;нет;нет;нет;red;нет;нет;нет;нет;нет;нет;нет;нет;нет;нет;нет;нет
26_12-20;517;нет;нет;нет;нет;нет;нет;нет;нет;нет;нет;red;нет;нет;нет;нет;нет;нет;нет;нет;нет;нет;нет;нет
26_12-20;518;нет;нет;нет;нет;нет;нет;нет;нет;нет;нет;red;нет;нет;нет;нет;нет;нет;нет;нет;нет;нет;нет;нет
26_12-20;519;нет;нет;нет;нет;нет;нет;нет;нет;нет;нет;red;нет;нет;нет;нет;нет;нет;нет;нет;нет;нет;нет;нет
26_12-20;520;нет;нет;2243,99;нет;нет;нет;нет;нет;нет;нет;red;нет;нет;нет;нет;нет;нет;нет;нет;нет;нет;нет;нет
26_12-20;526;BиHO NOBILOMO Мзрцсминю Эмилин - Ромашья ООС «р. п сл. (Италия) о, 75L;1578,00;1149,99;нет;нет;-27%;нет;нет;нет;Полусладкое;red;нет;нет;нет;нет;нет;нет;нет;нет;нет;нет;нет;нет
26_12-20;527;нет;нет;нет;нет;нет;-28%;нет;нет;нет;нет;red;нет;нет;нет;нет;нет;нет;нет;нет;нет;нет;нет;нет
26_12-20;529;нет;нет;1733,99;нет;нет;нет;нет;нет;нет;нет;red;нет;нет;нет;нет;нет;нет;нет;нет;нет;нет;нет;нет
26_12-20;530;нет;нет;нет;нет;нет;нет;нет;нет;нет;нет;red;нет;нет;нет;нет;нет;нет;нет;нет;нет;нет;нет;нет
26_12-20;531;Cyхоe;2105,00;1699,99;нет;нет;-19%;нет;нет;нет;нет;red;нет;нет;нет;нет;нет;нет;нет;нет;нет;нет;нет;нет
26_12-20;532;нет;нет;2243,99;нет;нет;нет;нет;нет;нет;нет;red;нет;нет;нет;нет;нет;нет;нет;нет;нет;нет;нет;нет
26_12-20;533;SELLATA Вино ДркмитивоИГТ Апулия сорт. <р. п суг.(Мтала)0.75L;1578,00;1399,99;нет;нет;-11%;нет;нет;нет;нет;red;нет;нет;нет;нет;нет;нет;нет;нет;нет;нет;нет;нет
26_12-20;535;BиHo CIELO Sante Риvе Бардолино ордин.«р.сух. (Италия) 0.75L;нет;1223,99;нет;нет;-35%;нет;нет;нет;нет;red;нет;нет;нет;нет;нет;нет;нет;нет;нет;нет;нет;нет
26_12-20;537;нет;нет;нет;нет;нет;нет;нет;нет;нет;нет;red;нет;нет;нет;нет;нет;нет;нет;нет;нет;нет;нет;нет
26_12-20;541;Вено CIELO Sante Rve Вальлолячслла орленюр, «р. сух (Италия) 0. 75L;2515,00;1699,99;нет;нет;-32%;нет;нет;нет;нет;red;нет;нет;нет;нет;нет;нет;нет;нет;нет;нет;нет;нет
26_12-20;543;Вино Каберно Совиньон ординариое кр. г сух. (Италия) 0.751;751,00;1223,99;нет;нет;-35%;нет;нет;нет;нет;red;нет;нет;нет;нет;нет;нет;нет;нет;нет;нет;нет;нет
26_12-20;548;нет;нет;нет;нет;нет;нет;нет;нет;нет;нет;red;нет;нет;нет;нет;нет;нет;нет;нет;нет;нет;нет;нет
26_12-20;549;нет;2526,00;1999,99;нет;нет;-20%;нет;нет;нет;нет;red;нет;нет;нет;нет;нет;нет;нет;нет;нет;нет;нет;нет
26_12-20;551;BMNO ROBERTO SAROTTO MOMferat ROS0ПеOНт00C p.Cyx.(Mrans)0. SL;1999,00;1631,99;нет;нет;-18%;нет;нет;нет;нет;red;нет;нет;нет;нет;нет;нет;нет;нет;нет;нет;нет;нет
26_12-20;554;SCOBALDI;нет;1599,99;нет;нет;нет;нет;нет;нет;нет;red;нет;нет;нет;нет;нет;нет;нет;нет;нет;нет;нет;нет
26_12-20;556;BинO TRESCA Nero d'avola Cорт.кp.сyx. (Италия) 0.75L;1263,00;899,99;нет;нет;-28%;нет;нет;нет;нет;red;нет;нет;нет;нет;нет;нет;нет;нет;нет;нет;нет;нет
26_12-20;558;Вино REMOLE Тоскана кр. сух. (Италия) 0.75L 199g;199,00;1599,99;нет;69049121030;-20%;нет;нет;нет;нет;red;нет;нет;нет;нет;нет;нет;нет;нет;нет;нет;нет;нет
26_12-20;559;AZZEI Poggio Тоскана 6eорти,;26317,00;1799,99;нет;нет;нет;нет;нет;нет;нет;red;нет;нет;нет;нет;нет;нет;нет;нет;нет;нет;нет;нет
26_12-20;560;нет;нет;1624,99;нет;нет;нет;нет;нет;нет;нет;red;нет;нет;нет;нет;нет;нет;нет;нет;нет;нет;нет;нет
26_12-20;561;нет;нет;6661,99;нет;нет;нет;нет;нет;нет;нет;red;нет;нет;нет;нет;нет;нет;нет;нет;нет;нет;нет;нет
26_12-20;563;нет;159,00;1999,99;нет;нет;нет;нет;нет;нет;нет;red;нет;нет;нет;нет;нет;нет;нет;нет;нет;нет;нет;нет
26_12-20;564;нет;нет;1199,99;нет;нет;нет;нет;нет;нет;нет;red;нет;нет;нет;нет;нет;нет;нет;нет;нет;нет;нет;нет
26_12-20;565;BинOITALO CESCON Каберне Пиаве ООС DOP сортовое кр сух. (Италия) 0. 75L be)p7 Cyxoe;3153,00;1999,99;нет;нет;-36%;нет;нет;нет;нет;red;нет;нет;нет;нет;нет;нет;нет;нет;нет;нет;нет;нет
26_12-20;566;DHNO SANGRE DE TORO PeCepu Течпранильо сорт. аьл. «р. сух (Испания) 0.75L Сyxое;1789,00;1199,99;нет;нет;-32%;нет;нет;нет;нет;red;нет;нет;нет;нет;нет;нет;нет;нет;нет;нет;нет;нет
26_12-20;568;нет;нет;1784,99;нет;нет;нет;нет;нет;нет;нет;red;нет;нет;нет;нет;нет;нет;нет;нет;нет;нет;нет;нет
26_12-20;569;нет;нет;1199,99;нет;нет;нет;нет;нет;нет;нет;red;нет;нет;нет;нет;нет;нет;нет;нет;нет;нет;нет;нет
26_12-20;570;BИHO CASA DEFFRA Колли Беричи Ризероа шыд. кр. г сух. (Италия) 0. 75L Полусухое;2526,00;1784,99;нет;нет;-29%;нет;нет;нет;Полусухое;red;нет;нет;нет;нет;нет;нет;нет;нет;нет;нет;нет;нет
26_12-20;571;нет;нет;нет;нет;нет;нет;нет;нет;нет;нет;red;нет;нет;нет;нет;нет;нет;нет;нет;нет;нет;нет;нет
26_12-20;573;нет;нет;11530,99;нет;нет;нет;нет;нет;нет;нет;red;нет;нет;нет;нет;нет;нет;нет;нет;нет;нет;нет;нет
26_12-20;574;нет;нет;999,99;нет;нет;нет;нет;нет;нет;нет;red;нет;нет;нет;нет;нет;нет;нет;нет;нет;нет;нет;нет
26_12-20;575;UMHOPAVONERD Приытюд MnTypas Cp a cy (T)U 75L;нет;1530,99;нет;нет;-36%;нет;нет;нет;нет;red;нет;нет;нет;нет;нет;нет;нет;нет;нет;нет;нет;нет
26_12-20;576;ВИНO CORTEBAL Кьянти орд сорт. кр. сух. (Италия) 0. 75L Cyxoe;1368,00;999,99;нет;нет;-26%;нет;нет;нет;нет;red;нет;нет;нет;нет;нет;нет;нет;нет;нет;нет;нет;нет
26_12-20;579;BO DOMINI VENET Вальл. Класскко Супер Рилассо ла Казетта шыд ер. п сух. (Италия) 0. 75L be1am P Полусухое;5894,00;3494,99;нет;270102723539;-40%;нет;нет;нет;Полусухое;red;нет;нет;нет;нет;нет;нет;нет;нет;нет;нет;нет;нет
26_12-20;580;BиHO LUMA Cupa Сиципия сорт. ординар.кр. п/сух. (rannn) 0.75L;нет;2039,99;нет;нет;-17%;нет;нет;нет;нет;red;нет;нет;нет;нет;нет;нет;нет;нет;нет;нет;нет;нет
26_12-20;583;нет;нет;нет;нет;нет;нет;нет;нет;нет;нет;red;нет;нет;нет;нет;нет;нет;нет;нет;нет;нет;нет;нет
26_12-20;585;CLA VESP;нет;1734,99;нет;нет;-31%;нет;нет;нет;нет;red;нет;нет;нет;нет;нет;нет;нет;нет;нет;нет;нет;нет
26_12-20;586;EO LUCCARELL repupo Пуделе П CODY;нет;1699,99;нет;нет;-35%;нет;нет;нет;нет;red;нет;нет;нет;нет;нет;нет;нет;нет;нет;нет;нет;нет
26_12-20;587;Bино VESPUCCI Кьянти Классико Тоскана ординарное кр. сух.(Италия) 0. 75L 6e30TP Cyxoe;2526,00;1734,99;нет;270102701130;-31%;нет;нет;нет;нет;red;нет;нет;нет;нет;нет;нет;нет;нет;нет;нет;нет;нет
26_12-20;590;Mongrana FOACA Querciabella nool;2022,00;2499,99;нет;нет;нет;нет;нет;нет;нет;red;нет;нет;нет;нет;нет;нет;нет;нет;нет;нет;нет;нет
26_12-20;592;нет;нет;1733,99;нет;нет;нет;нет;нет;нет;нет;red;нет;нет;нет;нет;нет;нет;нет;нет;нет;нет;нет;нет
26_12-20;593;BиHO MONGRANA DOC TockaHa выдерж. кр. сух (Италия) 75L Cyxoe;3684,00;2499,99;нет;нет;-32%;нет;нет;нет;нет;red;нет;нет;нет;нет;нет;нет;нет;нет;нет;нет;нет;нет
26_12-20;595;BMNO CAN TINA DIOMEDE LAMA DI PIETRA НерО Д TрО Пулии сорт. одд. ф. ny.(ram)0.75;2526,00;1733,99;нет;нет;-31%;нет;нет;нет;Полусухое;red;нет;нет;нет;нет;нет;нет;нет;нет;нет;нет;нет;нет
26_12-20;602;BMНO PECCATORE Пеккаторе Дору шыдорж, <р.сух. (Португали») 0.75L;нет;1223,99;нет;нет;-27%;нет;нет;нет;нет;red;нет;нет;нет;нет;нет;нет;нет;нет;нет;нет;нет;нет
26_12-20;603;Вино FAIU Реoриа плерм (Пoρ, Cyxoe;2526,00;3359,99;нет;нет;-27%;нет;нет;нет;нет;red;нет;нет;нет;нет;нет;нет;нет;нет;нет;нет;нет;нет
26_12-20;605;BиHO PORTAL DEL MONTSANT Сантес кр. сух (Испания);нет;2631,99;нет;нет;-35%;нет;нет;нет;нет;red;нет;нет;нет;нет;нет;нет;нет;нет;нет;нет;нет;нет
26_12-20;611;сух. 75L б1артu р;3385,00;99,99;нет;нет;нет;нет;нет;нет;нет;red;нет;нет;нет;нет;нет;нет;нет;нет;нет;нет;нет;нет
26_12-20;612;нет;151,00;199,99;нет;нет;нет;нет;нет;нет;нет;red;нет;нет;нет;нет;нет;нет;нет;нет;нет;нет;нет;нет
26_12-20;614;нет;нет;нет;нет;нет;нет;нет;нет;нет;нет;red;нет;нет;нет;нет;нет;нет;нет;нет;нет;нет;нет;нет
26_12-20;615;BMHO ROOUETA Эcтасонеc Тавпранитьо орл cop «p cyx (Испанин)0 75L;нет;785,99;нет;нет;-21%;нет;нет;нет;нет;red;нет;нет;нет;нет;нет;нет;нет;нет;нет;нет;нет;нет
26_12-20;616;нет;6079,00;2794,99;нет;нет;нет;нет;нет;нет;нет;red;нет;нет;нет;нет;нет;нет;нет;нет;нет;нет;нет;нет
26_12-20;617;Вино MATSU EI Ресіо выдерж. kp. cyx. (Испания) 0.75L Cyxoe;3413,00;2794,99;нет;272101448129;-18%;нет;нет;нет;нет;red;нет;нет;нет;нет;нет;нет;нет;нет;нет;нет;нет;нет
26_12-20;619;нет;нет;1239,99;нет;нет;нет;нет;нет;нет;нет;red;нет;нет;нет;нет;нет;нет;нет;нет;нет;нет;нет;нет
26_12-20;621;BuNO SATIS DEI VDT Кастилья <p.cyx. (Испания) 0.75L;1789,00;1239,99;нет;нет;-30%;нет;нет;нет;нет;red;нет;нет;нет;нет;нет;нет;нет;нет;нет;нет;нет;нет
26_12-20;622;нет;нет;2107,99;нет;нет;нет;нет;нет;нет;нет;red;нет;нет;нет;нет;нет;нет;нет;нет;нет;нет;нет;нет
26_12-20;623;нет;нет;нет;нет;нет;нет;нет;нет;нет;нет;red;нет;нет;нет;нет;нет;нет;нет;нет;нет;нет;нет;нет
43_15;621;Ne PAНOTPAME (PCs;245,00;149,99;нет;нет;нет;нет;нет;нет;нет;red;нет;нет;нет;нет;нет;нет;нет;нет;нет;нет;нет;нет
43_15;622;МЁД EMIUM оpeхаu сия) 225r;225,00;244,99;нет;нет;нет;нет;нет;нет;нет;red;нет;нет;нет;нет;нет;нет;нет;нет;нет;нет;нет;нет
43_15;624;MGEPECTOOА Ибранное ляпош Баширхан натуралиьй ueT CT1 6(POCCM)500r;973,00;679,99;нет;нет;-30%;нет;нет;нет;нет;red;нет;нет;нет;нет;нет;нет;нет;нет;нет;нет;нет;нет
43_15;625;Men MACTEP MЕДА РаноцеT нтуральнь (POcCMa) 130;130,00;178,99;нет;нет;-19%;нет;нет;нет;нет;red;нет;нет;нет;нет;нет;нет;нет;нет;нет;нет;нет;нет
43_15;626;Мед ЧАСТАЯ ПАСЕКАС ctecna;нет;799,99;нет;нет;-15%;нет;нет;нет;нет;red;нет;нет;нет;нет;нет;нет;нет;нет;нет;нет;нет;нет
43_15;627;Мед ЧАСТНАЯ ПАСЕКА ФиТнеС Cт/ 6(Pоссия) 2по-цене 1;230,00;319,99;нет;нет;-11%;нет;нет;нет;нет;red;нет;нет;нет;нет;нет;нет;нет;нет;нет;нет;нет;нет
43_15;628;Мёд ЧАСТНАЯ ПАСЕКА ГОРНый (Росси) 500г;368,00;305,99;нет;нет;-16%;07030016;нет;нет;нет;red;нет;нет;нет;нет;нет;нет;нет;нет;нет;нет;нет;нет
43_15;629;Мед ЧАСТНАЯ ПАСЕКА Таежный (Россия) 500г;500,00;234,99;нет;нет;-36%;нет;нет;нет;нет;red;нет;нет;нет;нет;нет;нет;нет;нет;нет;нет;нет;нет
43_15;630;ANECH УГОДА Hey;нет;305,99;нет;нет;-16%;нет;нет;нет;нет;red;нет;нет;нет;нет;нет;нет;нет;нет;нет;нет;нет;нет
43_15;631;Мед БЕРЕСТОВ А С. Натурал.н горный (Россия) 500r;500,00;469,99;нет;нет;-21%;нет;нет;нет;нет;red;нет;нет;нет;нет;нет;нет;нет;нет;нет;нет;нет;нет
43_15;632;нет;нет;305,99;нет;нет;нет;нет;нет;нет;нет;red;нет;нет;нет;нет;нет;нет;нет;нет;нет;нет;нет;нет
43_15;633;нет;нет;нет;нет;нет;нет;нет;нет;нет;нет;red;нет;нет;нет;нет;нет;нет;нет;нет;нет;нет;нет;нет
43_15;634;Мед БЕРЕСТОВ A.C.MaxCoй Мзбраннсе ст 6 (Poc) 500r;нет;514,99;нет;нет;-21%;нет;нет;нет;нет;red;нет;нет;нет;нет;нет;нет;нет;нет;нет;нет;нет;нет
43_15;635;нет;нет;нет;нет;нет;нет;нет;нет;нет;нет;red;нет;нет;нет;нет;нет;нет;нет;нет;нет;нет;нет;нет
43_15;636;нет;нет;294,99;нет;нет;нет;нет;нет;нет;нет;red;нет;нет;нет;нет;нет;нет;нет;нет;нет;нет;нет;нет
43_15;637;нет;нет;316,99;нет;нет;нет;нет;нет;нет;нет;red;нет;нет;нет;нет;нет;нет;нет;нет;нет;нет;нет;нет
43_15;652;нет;нет;нет;нет;нет;нет;нет;нет;нет;нет;red;нет;нет;нет;нет;нет;нет;нет;нет;нет;нет;нет;нет
43_15;653;1aбopΔ PERON ЧCTыd MOт Грnоян 1opac Nenod (Pccs) S0;нет;377,99;нет;нет;-14%;нет;нет;нет;нет;red;нет;нет;нет;нет;нет;нет;нет;нет;нет;нет;нет;нет
43_15;654;нет;нет;нет;нет;нет;нет;нет;нет;нет;нет;red;нет;нет;нет;нет;нет;нет;нет;нет;нет;нет;нет;нет
43_15;656;нет;нет;299,99;нет;нет;нет;нет;нет;нет;нет;red;нет;нет;нет;нет;нет;нет;нет;нет;нет;нет;нет;нет
43_15;658;Med PREMIUM CLUB с орехоши ассорти (Россия) 260r;260,00;299,99;нет;нет;-19%;нет;нет;нет;нет;red;нет;нет;нет;нет;нет;нет;нет;нет;нет;нет;нет;нет
43_15;660;нет;нет;299,99;нет;нет;нет;нет;нет;нет;нет;red;нет;нет;нет;нет;нет;нет;нет;нет;нет;нет;нет;нет
43_15;663;Набор мед-суфле PERONИMедоя серия Фестииал. (Paccm) 90r;нет;336,99;нет;нет;-13%;нет;нет;нет;нет;red;нет;нет;нет;нет;нет;нет;нет;нет;нет;нет;нет;нет
43_15;664;Meд PREMIUM CLUB C фундуком (Россия) 260г;260,00;299,99;нет;нет;-13%;нет;нет;нет;нет;red;нет;нет;нет;нет;нет;нет;нет;нет;нет;нет;нет;нет
43_15;665;нет;нет;нет;нет;нет;нет;нет;нет;нет;нет;red;нет;нет;нет;нет;нет;нет;нет;нет;нет;нет;нет;нет
43_15;672;нет;нет;199,99;нет;нет;нет;нет;нет;нет;нет;red;нет;нет;нет;нет;нет;нет;нет;нет;нет;нет;нет;нет
43_15;677;нет;нет;нет;нет;нет;нет;нет;нет;нет;нет;red;нет;нет;нет;нет;нет;нет;нет;нет;нет;нет;нет;нет
43_15;684;Конфитор ZUEGG Aбрикос экстра (Германия) 320г;320,00;259,99;нет;нет;-25%;нет;нет;нет;нет;red;нет;нет;нет;нет;нет;нет;нет;нет;нет;нет;нет;нет
43_15;686;Конфитор ZUEGG MHp 3еcтрa (Германия) 330г;330,00;259,99;нет;нет;-25%;нет;нет;нет;нет;red;нет;нет;нет;нет;нет;нет;нет;нет;нет;нет;нет;нет
43_15;694;нет;нет;нет;нет;нет;нет;нет;нет;нет;нет;red;нет;нет;нет;нет;нет;нет;нет;нет;нет;нет;нет;нет
43_15;700;нет;нет;нет;нет;нет;нет;нет;нет;нет;нет;red;нет;нет;нет;нет;нет;нет;нет;нет;нет;нет;нет;нет
43_15;703;ADAMCE;нет;259,99;нет;нет;нет;нет;нет;нет;нет;red;нет;нет;нет;нет;нет;нет;нет;нет;нет;нет;нет;нет
43_15;706;FRASOLE;нет;259,99;нет;нет;нет;нет;нет;нет;нет;red;нет;нет;нет;нет;нет;нет;нет;нет;нет;нет;нет;нет
43_15;709;нет;нет;269,99;нет;нет;-30%;нет;нет;нет;нет;red;нет;нет;нет;нет;нет;нет;нет;нет;нет;нет;нет;нет
43_15;712;Десвртфруктов ZUEGG Anеn-CH зестра (Геризния) 330r;330,00;259,99;нет;нет;-25%;нет;нет;нет;нет;red;нет;нет;нет;нет;нет;нет;нет;нет;нет;нет;нет;нет
43_15;715;нет;нет;204,99;нет;нет;нет;нет;нет;нет;нет;red;нет;нет;нет;нет;нет;нет;нет;нет;нет;нет;нет;нет
43_15;716;Конфитюр ZUEGG Ктубника эестра (Германия) 320г;320,00;259,99;нет;нет;-25%;нет;нет;нет;нет;red;нет;нет;нет;нет;нет;нет;нет;нет;нет;нет;нет;нет
43_15;723;нет;нет;нет;нет;нет;нет;нет;нет;нет;нет;red;нет;нет;нет;нет;нет;нет;нет;нет;нет;нет;нет;нет
43_15;747;нет;нет;нет;нет;нет;нет;нет;нет;нет;нет;red;нет;нет;нет;нет;нет;нет;нет;нет;нет;нет;нет;нет
43_15;755;нет;нет;нет;нет;нет;нет;нет;нет;нет;нет;red;нет;нет;нет;нет;нет;нет;нет;нет;нет;нет;нет;нет
43_15;773;нет;нет;нет;нет;нет;нет;нет;нет;нет;нет;red;нет;нет;нет;нет;нет;нет;нет;нет;нет;нет;нет;нет
Unlabeled_25_12-20;774;BTORO Elanca opon 6en cp. (Aprenma3)1L Cr;247,00;659,99;нет;нет;-21%;нет;нет;нет;нет;red;нет;нет;нет;нет;нет;нет;нет;нет;нет;нет;нет;нет
Unlabeled_25_12-20;775;Ba GRILLWINE Ct(Pocoa);нет;295,99;нет;нет;-29%;нет;нет;нет;нет;red;нет;нет;нет;нет;нет;нет;нет;нет;нет;нет;нет;нет
Unlabeled_25_12-20;776;BMHO TORO Тiлtо орди.<р сух. (Аргенткна 1L;нет;659,99;нет;нет;-21%;нет;нет;нет;нет;red;нет;нет;нет;нет;нет;нет;нет;нет;нет;нет;нет;нет
Unlabeled_25_12-20;777;Bo TORO B10o 6en cy (Aprarena) 1L;нет;659,99;нет;нет;нет;нет;нет;нет;нет;red;нет;нет;нет;нет;нет;нет;нет;нет;нет;нет;нет;нет
Unlabeled_25_12-20;778;нет;нет;599,99;нет;нет;нет;нет;нет;нет;нет;red;нет;нет;нет;нет;нет;нет;нет;нет;нет;нет;нет;нет
Unlabeled_25_12-20;779;BMHO GUSTAREI 6en.cyx. (РоCсия) 1L;нет;нет;нет;нет;нет;нет;нет;нет;нет;red;нет;нет;нет;нет;нет;нет;нет;нет;нет;нет;нет;нет
Unlabeled_25_12-20;786;BDGUSTARE 6en.c. (POCC)1L;нет;нет;нет;нет;нет;нет;нет;нет;по цене;red;нет;нет;нет;нет;нет;нет;нет;нет;нет;нет;нет;нет
Unlabeled_25_12-20;787;Вино КРЫМСКИЙ TAЛИСMN орлинарное беп №/ Cп. (PоCсHя) 1L;421,00;339,99;нет;нет;-19%;нет;нет;нет;нет;red;нет;нет;нет;нет;нет;нет;нет;нет;нет;нет;нет;нет
Unlabeled_25_12-20;793;нет;нет;нет;нет;нет;нет;нет;нет;нет;нет;red;нет;нет;нет;нет;нет;нет;нет;нет;нет;нет;нет;нет
Unlabeled_25_12-20;794;нет;нет;нет;нет;нет;нет;нет;нет;нет;нет;red;нет;нет;нет;нет;нет;нет;нет;нет;нет;нет;нет;нет
Unlabeled_25_12-20;795;Вино КУБАНСКАЯ ВОЛЬНИЦА 6Ол. г сп. (Pоссия) 1L 3 по цене Папуслаое;603,00;299,99;нет;нет;-10%;нет;нет;нет;по цене;red;нет;нет;нет;нет;нет;нет;нет;нет;нет;нет;нет;нет
Unlabeled_25_12-20;798;нет;нет;нет;нет;нет;нет;нет;нет;нет;нет;red;нет;нет;нет;нет;нет;нет;нет;нет;нет;нет;нет;нет
Unlabeled_25_12-20;800;нет;нет;нет;нет;нет;нет;нет;нет;нет;нет;red;нет;нет;нет;нет;нет;нет;нет;нет;нет;нет;нет;нет
Unlabeled_25_12-20;801;нет;нет;нет;нет;нет;нет;нет;нет;нет;по цене;red;нет;нет;нет;нет;нет;нет;нет;нет;нет;нет;нет;нет
Unlabeled_25_12-20;802;Вино МУКУНДАРИ Ркацители бел. сух. (Россия) 1L;421,00;326,99;нет;860301000764;-22%;нет;нет;нет;нет;red;нет;нет;нет;нет;нет;нет;нет;нет;нет;нет;нет;нет
Unlabeled_25_12-20;803;ино КУБНСКАЯ БОЛЬНИЦА бел cyx.(Poccm)1L;нет;309,99;нет;нет;-10%;нет;нет;нет;по цене;red;нет;нет;нет;нет;нет;нет;нет;нет;нет;нет;нет;нет
Unlabeled_25_12-20;808;Вино «репленое пикерное ХЕРЕС Ла Ина Фино (Испания) 0. 75L.;нет;1799,99;нет;нет;-25%;нет;нет;нет;нет;red;нет;нет;нет;нет;нет;нет;нет;нет;нет;нет;нет;нет
Unlabeled_25_12-20;809;нет;нет;нет;нет;нет;нет;нет;нет;нет;нет;red;нет;нет;нет;нет;нет;нет;нет;нет;нет;нет;нет;нет
Unlabeled_25_12-20;811;нет;нет;939,99;нет;нет;нет;нет;нет;нет;нет;red;нет;нет;нет;нет;нет;нет;нет;нет;нет;нет;нет;нет
Unlabeled_25_12-20;812;нет;нет;2299,99;нет;нет;нет;нет;нет;нет;нет;red;нет;нет;нет;нет;нет;нет;нет;нет;нет;нет;нет;нет
Unlabeled_25_12-20;813;Вно лиерное VINA 25 Xepec ego Xнеес еpепто (Mспан) 0,75L;3368,00;2299,99;нет;нет;-31%;нет;нет;нет;нет;red;нет;нет;нет;нет;нет;нет;нет;нет;нет;нет;нет;нет
Unlabeled_25_12-20;814;WARES Ктf э Тоюе ора pткое по (Nopryrana) 0,751.;2842,00;19379,99;нет;7021323412;-31%;нет;нет;нет;нет;red;нет;нет;нет;нет;нет;нет;нет;нет;нет;нет;нет;нет
Unlabeled_25_12-20;816;нет;нет;нет;нет;нет;нет;нет;нет;нет;нет;red;нет;нет;нет;нет;нет;нет;нет;нет;нет;нет;нет;нет
Unlabeled_25_12-20;818;нет;нет;889,99;нет;нет;нет;нет;нет;нет;нет;red;нет;нет;нет;нет;нет;нет;нет;нет;нет;нет;нет;нет
Unlabeled_25_12-20;819;нет;896,00;1733,99;нет;нет;нет;нет;нет;нет;нет;red;нет;нет;нет;нет;нет;нет;нет;нет;нет;нет;нет;нет
Unlabeled_25_12-20;823;Виню кепленое лиерное ХЕРЕС Кандела Криь (Испани»)0.751.;751,00;1733,99;нет;нет;-34%;нет;нет;нет;нет;red;нет;нет;нет;нет;нет;нет;нет;нет;нет;нет;нет;нет
Unlabeled_25_12-20;824;POATO;нет;1670,99;нет;нет;нет;нет;нет;нет;нет;red;нет;нет;нет;нет;нет;нет;нет;нет;нет;нет;нет;нет
Unlabeled_25_12-20;825;нет;нет;2836,99;нет;нет;нет;нет;нет;нет;нет;red;нет;нет;нет;нет;нет;нет;нет;нет;нет;нет;нет;нет
Unlabeled_25_12-20;826;нет;нет;нет;нет;нет;нет;нет;нет;нет;нет;red;нет;нет;нет;нет;нет;нет;нет;нет;нет;нет;нет;нет
Unlabeled_25_12-20;828;Feepce 1O 1010 Onoeo PCN;1010,10;1999,99;нет;нет;-42%;нет;нет;нет;нет;red;нет;нет;нет;нет;нет;нет;нет;нет;нет;нет;нет;нет
Unlabeled_25_12-20;832;нет;нет;201,99;нет;нет;нет;нет;нет;нет;нет;red;нет;нет;нет;нет;нет;нет;нет;нет;нет;нет;нет;нет
Unlabeled_25_12-20;838;BmO BARROS RU B пое (Португ) 0.75L;нет;2019,99;нет;нет;-20%;нет;нет;нет;нет;red;нет;нет;нет;нет;нет;нет;нет;нет;нет;нет;нет;нет
Unlabeled_25_12-20;841;нет;нет;нет;нет;нет;нет;нет;нет;нет;нет;red;нет;нет;нет;нет;нет;нет;нет;нет;нет;нет;нет;нет
Unlabeled_25_12-20;844;нет;нет;669,99;нет;нет;нет;нет;нет;нет;нет;red;нет;нет;нет;нет;нет;нет;нет;нет;нет;нет;нет;нет
Unlabeled_25_12-20;845;нет;нет;нет;нет;нет;нет;нет;нет;нет;нет;red;нет;нет;нет;нет;нет;нет;нет;нет;нет;нет;нет;нет
Unlabeled_25_12-20;846;нет;нет;нет;нет;нет;нет;нет;нет;нет;нет;red;нет;нет;нет;нет;нет;нет;нет;нет;нет;нет;нет;нет
Unlabeled_25_12-20;847;POR aw;369,00;1799,99;нет;нет;нет;нет;нет;нет;нет;red;нет;нет;нет;нет;нет;нет;нет;нет;нет;нет;нет;нет
Unlabeled_25_12-20;849;Оино «реппеное ПнКРНОО ТО ТОТО Ononoco Xepec опленариоа (MCnH)0.75L;2631,00;1999,99;нет;нет;-24%;нет;нет;нет;нет;red;нет;нет;нет;нет;нет;нет;нет;нет;нет;нет;нет;нет
Unlabeled_25_12-20;851;Bинo BARROS Tawny xpenne еыд. портейн (Португалкя) 0. 75L;2831,00;1799,99;нет;2700011173;-36%;нет;нет;нет;нет;red;нет;нет;нет;нет;нет;нет;нет;нет;нет;нет;нет;нет
Unlabeled_25_12-20;852;нет;нет;1529,99;нет;нет;нет;нет;нет;нет;нет;red;нет;нет;нет;нет;нет;нет;нет;нет;нет;нет;нет;нет
Unlabeled_25_12-20;853;нет;нет;нет;нет;нет;нет;нет;нет;нет;нет;red;нет;нет;нет;нет;нет;нет;нет;нет;нет;нет;нет;нет
Unlabeled_25_12-20;858;Вино «рсапенос пмеерное кWу Кпассяе Кенп Рубн шалодое (Юлр) 0. 75L;2105,00;1529,99;нет;025013225013;-27%;270302733160;нет;нет;нет;red;нет;нет;нет;нет;нет;нет;нет;нет;нет;нет;нет;нет
Unlabeled_25_12-20;863;нет;нет;нет;нет;нет;нет;нет;нет;нет;нет;red;нет;нет;нет;нет;нет;нет;нет;нет;нет;нет;нет;нет
Unlabeled_25_12-20;866;нет;нет;1399,99;нет;нет;нет;нет;нет;нет;нет;red;нет;нет;нет;нет;нет;нет;нет;нет;нет;нет;нет;нет
Unlabeled_25_12-20;869;(оти) TRES ARCOS 1oNoртo (Пopryrn)0,794 Cnanuoe;794,00;1399,99;нет;нет;-24%;нет;нет;нет;нет;red;нет;нет;нет;нет;нет;нет;нет;нет;нет;нет;нет;нет
Unlabeled_25_12-20;871;нет;нет;699,99;нет;нет;нет;нет;нет;нет;нет;red;нет;нет;нет;нет;нет;нет;нет;нет;нет;нет;нет;нет
Unlabeled_25_12-20;873;ARCTS T be)a X;1999,00;1199,99;нет;нет;-40%;нет;нет;нет;нет;red;нет;нет;нет;нет;нет;нет;нет;нет;нет;нет;нет;нет
Unlabeled_25_12-20;874;нет;нет;нет;нет;нет;нет;нет;нет;нет;нет;red;нет;нет;нет;нет;нет;нет;нет;нет;нет;нет;нет;нет
Unlabeled_25_12-20;875;Виню «реппенок лмесрное ПОТВЕЙИ 1667 Aecep орденар кр (У36етста)0.75L;1667,00;713,99;нет;27201165679;-32%;нет;нет;нет;нет;red;нет;нет;нет;нет;нет;нет;нет;нет;нет;нет;нет;нет
Unlabeled_25_12-20;876;нет;нет;нет;нет;нет;нет;нет;нет;нет;нет;red;нет;нет;нет;нет;нет;нет;нет;нет;нет;нет;нет;нет
Unlabeled_25_12-20;878;нет;нет;нет;нет;нет;нет;нет;нет;нет;нет;red;нет;нет;нет;нет;нет;нет;нет;нет;нет;нет;нет;нет
Unlabeled_25_12-20;882;нет;нет;нет;нет;нет;нет;нет;нет;нет;нет;red;нет;нет;нет;нет;нет;нет;нет;нет;нет;нет;нет;нет
Unlabeled_25_12-20;883;нет;нет;1399,99;нет;нет;нет;нет;нет;нет;нет;red;нет;нет;нет;нет;нет;нет;нет;нет;нет;нет;нет;нет
Unlabeled_25_12-20;885;Вино «репленое ликерное ХЕРЕС Кандела Крии (Mсaн;нет;нет;нет;нет;нет;нет;нет;нет;нет;red;нет;нет;нет;нет;нет;нет;нет;нет;нет;нет;нет;нет
Unlabeled_25_12-20;890;нет;нет;нет;нет;нет;нет;нет;нет;нет;нет;red;нет;нет;нет;нет;нет;нет;нет;нет;нет;нет;нет;нет
Unlabeled_25_12-20;892;нет;нет;нет;нет;нет;нет;нет;нет;нет;нет;red;нет;нет;нет;нет;нет;нет;нет;нет;нет;нет;нет;нет
Unlabeled_25_12-20;893;Вано «репленое (nopme) TRES ACOS PY6 Nepm (1epryr3n) 0.754 Cnaдкoе;754,00;1399,99;нет;нет;-30%;нет;нет;нет;нет;red;нет;нет;нет;нет;нет;нет;нет;нет;нет;нет;нет;нет
Unlabeled_25_12-20;894;нет;нет;нет;нет;нет;нет;нет;нет;нет;нет;red;нет;нет;нет;нет;нет;нет;нет;нет;нет;нет;нет;нет
Unlabeled_25_12-20;896;нет;нет;нет;нет;нет;нет;нет;нет;нет;нет;red;нет;нет;нет;нет;нет;нет;нет;нет;нет;нет;нет;нет
Unlabeled_25_12-20;898;нет;нет;нет;нет;нет;нет;нет;нет;нет;нет;red;нет;нет;нет;нет;нет;нет;нет;нет;нет;нет;нет;нет
Unlabeled_25_12-20;899;нет;нет;нет;нет;нет;нет;нет;нет;нет;нет;red;нет;нет;нет;нет;нет;нет;нет;нет;нет;нет;нет;нет
Unlabeled_25_12-20;902;нет;нет;нет;нет;нет;нет;нет;нет;нет;нет;red;нет;нет;нет;нет;нет;нет;нет;нет;нет;нет;нет;нет
Unlabeled_25_12-20;903;нет;нет;нет;нет;нет;нет;нет;нет;нет;нет;red;нет;нет;нет;нет;нет;нет;нет;нет;нет;нет;нет;нет
Unlabeled_25_12-20;907;нет;нет;нет;нет;нет;нет;нет;нет;нет;нет;red;нет;нет;нет;нет;нет;нет;нет;нет;нет;нет;нет;нет
Unlabeled_25_12-20;913;Вино грепленоо лиеРиСе ПОРТВЕЙН 1807 Десерт. оpуюар.беп. (Y36eкcт)0 75L Новинка;474,00;713,99;нет;нет;-24%;нет;нет;нет;нет;red;нет;нет;нет;нет;нет;нет;нет;нет;нет;нет;нет;нет
Unlabeled_25_12-20;918;ВюжСОПНЕЧНАЯ ДОЛА Крет. пем Черя Паласан Крыи ЗГУ РокЕ. 4p «р.(Рхоя) О. 73L;2105,00;1399,99;нет;25013023813;-33%;1015906913;нет;нет;нет;red;нет;нет;нет;нет;нет;нет;нет;нет;нет;нет;нет;нет
Unlabeled_25_12-20;922;нет;нет;699,99;нет;нет;нет;нет;нет;нет;нет;red;нет;нет;нет;нет;нет;нет;нет;нет;нет;нет;нет;нет
Unlabeled_25_12-20;924;нет;нет;нет;нет;нет;нет;нет;нет;нет;нет;red;нет;нет;нет;нет;нет;нет;нет;нет;нет;нет;нет;нет
Unlabeled_25_12-20;925;ВИНО СОЛНЕЧНАЯ ДОЛИНА Креп. лекср. Крым ЗГУ Рсссийское выдерж бсл. (Россия) 0. 75L;18947,00;1299,99;нет;27030281870;-31%;нет;нет;нет;нет;red;нет;нет;нет;нет;нет;нет;нет;нет;нет;нет;нет;нет
Unlabeled_25_12-20;930;6arо kpenне пикернов XEPEС Кэноета Кра;нет;нет;нет;нет;нет;нет;нет;нет;нет;red;нет;нет;нет;нет;нет;нет;нет;нет;нет;нет;нет;нет
Unlabeled_25_12-20;932;нет;нет;649,99;нет;нет;нет;нет;нет;нет;нет;red;нет;нет;нет;нет;нет;нет;нет;нет;нет;нет;нет;нет
Unlabeled_25_12-20;936;Выно ПАСХАЛЬНЫЙ 1Φn (Pocc)0.7L;нет;299,99;нет;нет;-28%;нет;нет;нет;нет;red;нет;нет;нет;нет;нет;нет;нет;нет;нет;нет;нет;нет
Unlabeled_25_12-20;940;нет;нет;нет;нет;нет;нет;нет;нет;нет;нет;red;нет;нет;нет;нет;нет;нет;нет;нет;нет;нет;нет;нет
Unlabeled_25_12-20;944;MRAOLD EESVE;нет;1399,99;нет;нет;нет;нет;нет;нет;нет;red;нет;нет;нет;нет;нет;нет;нет;нет;нет;нет;нет;нет
Unlabeled_25_12-20;945;ССЛНеААЯ ерепрен ДОПИНЛКО Ккссое 3ГУ1рые 4.(Poc4)0.72;1368,00;899,99;нет;нет;-34%;нет;нет;нет;нет;red;нет;нет;нет;нет;нет;нет;нет;нет;нет;нет;нет;нет
Unlabeled_25_12-20;946;nРАГПАУ Пертвей Резра Biдep,p. (Asepn) 0.75L;1684,00;1399,99;нет;нет;-16%;нет;нет;нет;нет;red;нет;нет;нет;нет;нет;нет;нет;нет;нет;нет;нет;нет
Unlabeled_25_12-20;947;нет;нет;3198,99;нет;нет;нет;нет;нет;нет;нет;red;нет;нет;нет;нет;нет;нет;нет;нет;нет;нет;нет;нет
Unlabeled_25_12-20;954;Вино «рсплснсе пикерноеАГПАМ Портсй»Резери оыдержбел (Азербайдон) 0.751;1684,00;1399,99;нет;1703017304;-16%;нет;нет;нет;нет;red;нет;нет;нет;нет;нет;нет;нет;нет;нет;нет;нет;нет
Unlabeled_25_12-20;955;нет;нет;799,99;нет;нет;-23%;нет;нет;нет;нет;red;нет;нет;нет;нет;нет;нет;нет;нет;нет;нет;нет;нет
Unlabeled_25_12-20;964;AneprtuD SIBSA Саджу со диусом грсйпфруто алк. (PоCCM) 0.J75L;303,00;219,99;нет;290501113473;-27%;нет;нет;нет;нет;red;нет;нет;нет;нет;нет;нет;нет;нет;нет;нет;нет;нет
Unlabeled_25_12-20;965;нет;нет;949,99;нет;нет;нет;нет;нет;нет;нет;red;нет;нет;нет;нет;нет;нет;нет;нет;нет;нет;нет;нет
Unlabeled_25_12-20;971;1РЛЯНСИСУ Доле Дона реалеж 6AERC (foe);10110,00;949,99;нет;нет;-35%;нет;нет;нет;нет;red;нет;нет;нет;нет;нет;нет;нет;нет;нет;нет;нет;нет
Unlabeled_25_12-20;975;нет;нет;399,99;нет;нет;нет;нет;нет;нет;нет;red;нет;нет;нет;нет;нет;нет;нет;нет;нет;нет;нет;нет
Unlabeled_25_12-20;976;AaeSAS паусоы слиы зла 14%(Po)0. J751;315,00;219,99;нет;нет;-30%;нет;нет;нет;нет;red;нет;нет;нет;нет;нет;нет;нет;нет;нет;нет;нет;нет
Unlabeled_25_12-20;979;нет;нет;нет;нет;нет;нет;нет;нет;нет;нет;red;нет;нет;нет;нет;нет;нет;нет;нет;нет;нет;нет;нет
Unlabeled_25_12-20;1024;нет;нет;359,99;нет;нет;нет;нет;нет;нет;нет;red;нет;нет;нет;нет;нет;нет;нет;нет;нет;нет;нет;нет
Unlabeled_26_12-20;954;Бо ТЬЕРРА НАТАЛЬКЭС C. АCDΦ.CT2 (Mеа)а, тя;1057,00;699,99;нет;нет;-33%;нет;нет;нет;нет;red;нет;нет;нет;нет;нет;нет;нет;нет;нет;нет;нет;нет
Unlabeled_26_12-20;964;BrнD HГO P»бер деть-Дуро срд С2 (M)0.75L;6315,00;2144,99;нет;нет;-66%;нет;нет;нет;нет;red;нет;нет;нет;нет;нет;нет;нет;нет;нет;нет;нет;нет
Unlabeled_26_12-20;971;DI NALAMIGO 2m.Pebem;нет;1199,99;нет;нет;нет;нет;нет;нет;нет;red;нет;нет;нет;нет;нет;нет;нет;нет;нет;нет;нет;нет
Unlabeled_26_12-20;976;CMD PARAIES DEL VALLE U 3rXyио 12.Cp.(Mc2xs)0 75L Cyxoe;210,00;1699,99;нет;нет;-19%;нет;нет;нет;нет;red;нет;нет;нет;нет;нет;нет;нет;нет;нет;нет;нет;нет
Unlabeled_26_12-20;1040;нет;нет;нет;нет;нет;нет;нет;нет;нет;нет;red;нет;нет;нет;нет;нет;нет;нет;нет;нет;нет;нет;нет
Unlabeled_26_12-20;1041;нет;нет;799,99;нет;нет;нет;нет;нет;нет;нет;red;нет;нет;нет;нет;нет;нет;нет;нет;нет;нет;нет;нет
Unlabeled_26_12-20;1042;EenPACOD;2092,00;1339,99;нет;нет;нет;нет;нет;нет;нет;red;нет;нет;нет;нет;нет;нет;нет;нет;нет;нет;нет;нет
Unlabeled_26_12-20;1043;нет;нет;819,99;нет;нет;нет;нет;нет;нет;нет;red;нет;нет;нет;нет;нет;нет;нет;нет;нет;нет;нет;нет
Unlabeled_26_12-20;1044;YR cy (Topr;нет;819,99;нет;нет;нет;нет;нет;нет;нет;red;нет;нет;нет;нет;нет;нет;нет;нет;нет;нет;нет;нет
Unlabeled_26_12-20;1045;DD LAYA P1V OCP AmA 0 c7(;нет;1399,99;нет;нет;-46%;нет;нет;нет;нет;red;нет;нет;нет;нет;нет;нет;нет;нет;нет;нет;нет;нет
Unlabeled_26_12-20;1046;ll-1DWOY1A M7010 CeWoCaeT copt ep C ()075 3 по цене;7010,00;899,99;нет;нет;-34%;нет;нет;нет;по цене;red;нет;нет;нет;нет;нет;нет;нет;нет;нет;нет;нет;нет
Unlabeled_26_12-20;1047;нет;нет;1299,99;нет;нет;-27%;нет;нет;нет;нет;red;нет;нет;нет;нет;нет;нет;нет;нет;нет;нет;нет;нет
Unlabeled_26_12-20;1048;нет;нет;нет;нет;нет;нет;нет;нет;нет;нет;red;нет;нет;нет;нет;нет;нет;нет;нет;нет;нет;нет;нет
Unlabeled_26_12-20;1049;нет;нет;нет;нет;нет;нет;нет;нет;нет;нет;red;нет;нет;нет;нет;нет;нет;нет;нет;нет;нет;нет;нет
Unlabeled_26_12-20;1050;нет;нет;нет;нет;нет;нет;нет;нет;нет;нет;red;нет;нет;нет;нет;нет;нет;нет;нет;нет;нет;нет;нет
Unlabeled_26_12-20;1051;нет;нет;нет;нет;нет;нет;нет;нет;нет;нет;red;нет;нет;нет;нет;нет;нет;нет;нет;нет;нет;нет;нет
Unlabeled_26_12-20;1052;нет;нет;нет;нет;нет;нет;нет;нет;нет;нет;red;нет;нет;нет;нет;нет;нет;нет;нет;нет;нет;нет;нет
Unlabeled_26_12-20;1053;нет;нет;нет;нет;нет;нет;нет;нет;нет;нет;red;нет;нет;нет;нет;нет;нет;нет;нет;нет;нет;нет;нет
Unlabeled_26_12-20;1056;нет;нет;1499,99;нет;нет;нет;нет;нет;нет;нет;red;нет;нет;нет;нет;нет;нет;нет;нет;нет;нет;нет;нет
Unlabeled_26_12-20;1058;нет;нет;949,99;нет;нет;нет;нет;нет;нет;нет;red;нет;нет;нет;нет;нет;нет;нет;нет;нет;нет;нет;нет
Unlabeled_26_12-20;1062;нет;нет;нет;нет;нет;нет;нет;нет;нет;нет;red;нет;нет;нет;нет;нет;нет;нет;нет;нет;нет;нет;нет
Unlabeled_26_12-20;1063;BмO DON DATSTO Крызд сорт. выд Рибера деть Дэро 00p. cy. (Mcm 0.75L Cyxoe;2105,00;1499,99;нет;9411707412296;-28%;нет;нет;нет;нет;red;нет;нет;нет;нет;нет;нет;нет;нет;нет;нет;нет;нет
Unlabeled_26_12-20;1064;CASTLLOSAM AИH Сyoe;нет;949,99;нет;нет;-24%;нет;нет;нет;нет;red;нет;нет;нет;нет;нет;нет;нет;нет;нет;нет;нет;нет
Unlabeled_26_12-20;1066;нет;нет;нет;нет;нет;нет;нет;нет;нет;нет;red;нет;нет;нет;нет;нет;нет;нет;нет;нет;нет;нет;нет
Unlabeled_26_12-20;1070;BmO DOOEGAS ESTEBAH MARTIN HCna19);111,00;899,99;нет;нет;-28%;нет;нет;нет;нет;red;нет;нет;нет;нет;нет;нет;нет;нет;нет;нет;нет;нет
Unlabeled_26_12-20;1072;нет;нет;нет;нет;нет;нет;нет;нет;нет;нет;red;нет;нет;нет;нет;нет;нет;нет;нет;нет;нет;нет;нет
Unlabeled_26_12-20;1073;Вино PROXIMO Проксимо кр. сух. (Испання) 0. 75L Cyxoe;2378,00;1599,99;нет;270103137077;-32%;нет;нет;нет;нет;red;нет;нет;нет;нет;нет;нет;нет;нет;нет;нет;нет;нет
Unlabeled_26_12-20;1074;нет;нет;нет;нет;нет;нет;нет;нет;нет;нет;red;нет;нет;нет;нет;нет;нет;нет;нет;нет;нет;нет;нет
Unlabeled_26_12-20;1075;нет;нет;799,99;нет;нет;нет;нет;нет;нет;нет;red;нет;нет;нет;нет;нет;нет;нет;нет;нет;нет;нет;нет
Unlabeled_26_12-20;1080;нет;нет;1459,99;нет;нет;нет;нет;нет;нет;нет;red;нет;нет;нет;нет;нет;нет;нет;нет;нет;нет;нет;нет
Unlabeled_26_12-20;1083;нет;нет;нет;нет;нет;нет;нет;нет;нет;нет;red;нет;нет;нет;нет;нет;нет;нет;нет;нет;нет;нет;нет
Unlabeled_26_12-20;1084;e ENCONTAS DO BARRO;1578,00;799,99;нет;нет;-49%;нет;нет;нет;нет;red;нет;нет;нет;нет;нет;нет;нет;нет;нет;нет;нет;нет
Unlabeled_26_12-20;1088;BHHO HENINGER Цвайгельт кр. сух.(Аострия) о. 75L;1789,00;1459,99;нет;нет;-18%;нет;нет;нет;нет;red;нет;нет;нет;нет;нет;нет;нет;нет;нет;нет;нет;нет
Unlabeled_26_12-20;1091;нет;нет;669,99;нет;нет;нет;нет;нет;нет;нет;red;нет;нет;нет;нет;нет;нет;нет;нет;нет;нет;нет;нет
Unlabeled_26_12-20;1092;beebe9p;нет;749,99;нет;нет;нет;нет;нет;нет;нет;red;нет;нет;нет;нет;нет;нет;нет;нет;нет;нет;нет;нет
Unlabeled_26_12-20;1094;ELY онуар p.cyx )0.75L;2631,00;39,99;нет;нет;нет;нет;нет;нет;нет;red;нет;нет;нет;нет;нет;нет;нет;нет;нет;нет;нет;нет
Unlabeled_26_12-20;1096;нет;нет;нет;нет;нет;нет;нет;нет;нет;нет;red;нет;нет;нет;нет;нет;нет;нет;нет;нет;нет;нет;нет
Unlabeled_26_12-20;1099;нет;нет;нет;нет;нет;нет;нет;нет;нет;нет;red;нет;нет;нет;нет;нет;нет;нет;нет;нет;нет;нет;нет
Unlabeled_26_12-20;1101;нет;нет;нет;нет;нет;нет;нет;нет;нет;нет;red;нет;нет;нет;нет;нет;нет;нет;нет;нет;нет;нет;нет
Unlabeled_26_12-20;1104;нет;нет;789,99;нет;нет;нет;нет;нет;нет;нет;red;нет;нет;нет;нет;нет;нет;нет;нет;нет;нет;нет;нет
Unlabeled_26_12-20;1106;нет;нет;1199,99;нет;нет;нет;нет;нет;нет;нет;red;нет;нет;нет;нет;нет;нет;нет;нет;нет;нет;нет;нет
Unlabeled_26_12-20;1108;нет;нет;789,99;нет;нет;нет;31431161;нет;нет;нет;red;нет;нет;нет;нет;нет;нет;нет;нет;нет;нет;нет;нет
Unlabeled_26_12-20;1109;нет;нет;11999,99;нет;нет;-32%;нет;нет;нет;нет;red;нет;нет;нет;нет;нет;нет;нет;нет;нет;нет;нет;нет
Unlabeled_26_12-20;1110;нет;нет;нет;нет;нет;нет;нет;нет;нет;нет;red;нет;нет;нет;нет;нет;нет;нет;нет;нет;нет;нет;нет
Unlabeled_26_12-20;1113;нет;нет;нет;нет;нет;нет;нет;нет;нет;нет;red;нет;нет;нет;нет;нет;нет;нет;нет;нет;нет;нет;нет
Unlabeled_26_12-20;1114;OHAOSOHRTELO Ausiru Zeehe CETO04MA (ACTP)1L Cpo;2315,00;1699,99;нет;нет;-26%;нет;нет;нет;нет;red;нет;нет;нет;нет;нет;нет;нет;нет;нет;нет;нет;нет
Unlabeled_26_12-20;1115;нет;нет;нет;нет;нет;нет;нет;нет;нет;нет;red;нет;нет;нет;нет;нет;нет;нет;нет;нет;нет;нет;нет
Unlabeled_26_12-20;1120;нет;нет;999,99;нет;нет;нет;нет;нет;нет;нет;red;нет;нет;нет;нет;нет;нет;нет;нет;нет;нет;нет;нет
Unlabeled_26_12-20;1121;нет;нет;нет;нет;нет;нет;нет;нет;нет;нет;red;нет;нет;нет;нет;нет;нет;нет;нет;нет;нет;нет;нет
Unlabeled_26_12-20;1122;BиHO LONG BARN . Зинфандель кр. n CYx (CWA) 0. 75L Полусхос;2736,00;1999,99;нет;нет;-26%;274141253;нет;нет;нет;red;нет;нет;нет;нет;нет;нет;нет;нет;нет;нет;нет;нет
Unlabeled_26_12-20;1123;нет;нет;нет;нет;нет;нет;нет;нет;нет;нет;red;нет;нет;нет;нет;нет;нет;нет;нет;нет;нет;нет;нет
Unlabeled_26_12-20;1127;AAS Ue 2 по цене Cyzon;834,00;749,99;нет;нет;-10%;нет;нет;нет;по цене;red;нет;нет;нет;нет;нет;нет;нет;нет;нет;нет;нет;нет
Unlabeled_26_12-20;1129;нет;нет;нет;нет;нет;нет;нет;нет;нет;нет;red;нет;нет;нет;нет;нет;нет;нет;нет;нет;нет;нет;нет
Unlabeled_26_12-20;1130;нет;нет;1499,99;нет;нет;нет;нет;нет;нет;нет;red;нет;нет;нет;нет;нет;нет;нет;нет;нет;нет;нет;нет
Unlabeled_26_12-20;1131;нет;нет;нет;нет;нет;нет;нет;нет;нет;нет;red;нет;нет;нет;нет;нет;нет;нет;нет;нет;нет;нет;нет
Unlabeled_26_12-20;1135;BиHO NUBE Зинфандель сорт.Т opд kp. n/ cyx. (ES)/(CWA)0.75L□;1894,00;1499,99;нет;нет;-20%;нет;нет;нет;нет;red;нет;нет;нет;нет;нет;нет;нет;нет;нет;нет;нет;нет
Unlabeled_26_12-20;1140;нет;нет;нет;нет;нет;нет;нет;нет;нет;нет;red;нет;нет;нет;нет;нет;нет;нет;нет;нет;нет;нет;нет
Unlabeled_26_12-20;1141;В»ПНСA ANOUNOS MID COET сy.(Aptnieo)0 75L;1578,00;999,99;нет;нет;-36%;нет;нет;нет;нет;red;нет;нет;нет;нет;нет;нет;нет;нет;нет;нет;нет;нет
Unlabeled_26_12-20;1142;нет;нет;нет;нет;нет;нет;нет;нет;нет;нет;red;нет;нет;нет;нет;нет;нет;нет;нет;нет;нет;нет;нет
Unlabeled_26_12-20;1144;нет;нет;нет;нет;нет;нет;нет;нет;нет;нет;red;нет;нет;нет;нет;нет;нет;нет;нет;нет;нет;нет;нет
Unlabeled_26_12-20;1145;нет;нет;917,99;нет;нет;нет;нет;нет;нет;нет;red;нет;нет;нет;нет;нет;нет;нет;нет;нет;нет;нет;нет
Unlabeled_26_12-20;1152;нет;нет;нет;нет;нет;нет;нет;нет;нет;нет;red;нет;нет;нет;нет;нет;нет;нет;нет;нет;нет;нет;нет
Unlabeled_26_12-20;1159;нет;нет;1299,99;нет;нет;нет;нет;нет;нет;нет;red;нет;нет;нет;нет;нет;нет;нет;нет;нет;нет;нет;нет
Unlabeled_26_12-20;1160;FRANC;нет;999,99;нет;нет;нет;нет;нет;нет;нет;red;нет;нет;нет;нет;нет;нет;нет;нет;нет;нет;нет;нет
Unlabeled_26_12-20;1161;QмнDFINCA ANDIHOS Cabemet Гралс сраинарое COPT. Kp. Cy. (Аргетин) 0,75L Cyxoe;1578,00;999,99;нет;77434133092;-36%;нет;нет;нет;нет;red;нет;нет;нет;нет;нет;нет;нет;нет;нет;нет;нет;нет
Unlabeled_26_12-20;1170;нет;нет;999,99;нет;нет;нет;нет;нет;нет;нет;red;нет;нет;нет;нет;нет;нет;нет;нет;нет;нет;нет;нет
Unlabeled_26_12-20;1172;нет;нет;нет;нет;нет;нет;нет;нет;нет;нет;red;нет;нет;нет;нет;нет;нет;нет;нет;нет;нет;нет;нет
Unlabeled_26_12-20;1174;нет;нет;нет;нет;нет;нет;нет;нет;нет;нет;red;нет;нет;нет;нет;нет;нет;нет;нет;нет;нет;нет;нет
Unlabeled_26_12-20;1175;BMHO TRAPICHE Мальбек №.лоса opn. кp. cyx (Ap) 0.75L;1515,00;1224,99;нет;нет;-19%;нет;нет;нет;нет;red;нет;нет;нет;нет;нет;нет;нет;нет;нет;нет;нет;нет
Unlabeled_26_12-20;1176;нет;нет;нет;нет;нет;нет;нет;нет;нет;нет;red;нет;нет;нет;нет;нет;нет;нет;нет;нет;нет;нет;нет
Unlabeled_26_12-20;1177;нет;нет;нет;нет;нет;нет;нет;нет;нет;нет;red;нет;нет;нет;нет;нет;нет;нет;нет;нет;нет;нет;нет
Unlabeled_26_12-20;1183;нет;нет;999,99;нет;нет;нет;нет;нет;нет;нет;red;нет;нет;нет;нет;нет;нет;нет;нет;нет;нет;нет;нет
Unlabeled_26_12-20;1188;нет;нет;1199,99;нет;нет;нет;нет;нет;нет;нет;red;нет;нет;нет;нет;нет;нет;нет;нет;нет;нет;нет;нет
Unlabeled_26_12-20;1194;нет;нет;нет;нет;нет;нет;нет;нет;нет;нет;red;нет;нет;нет;нет;нет;нет;нет;нет;нет;нет;нет;нет
Unlabeled_26_12-20;1195;нет;нет;нет;нет;нет;нет;нет;нет;нет;нет;red;нет;нет;нет;нет;нет;нет;нет;нет;нет;нет;нет;нет
Unlabeled_26_12-20;1197;BMNO TRVENTO Resena Mambcr copr. opд кp. сyx (ApreHTw)0.75L;1368,00;1199,99;нет;нет;-12%;нет;нет;нет;нет;red;нет;нет;нет;нет;нет;нет;нет;нет;нет;нет;нет;нет
Unlabeled_26_12-20;1199;нет;нет;999,99;нет;нет;нет;нет;нет;нет;нет;red;нет;нет;нет;нет;нет;нет;нет;нет;нет;нет;нет;нет
Unlabeled_26_12-20;1200;нет;нет;749,99;нет;нет;нет;нет;нет;нет;нет;red;нет;нет;нет;нет;нет;нет;нет;нет;нет;нет;нет;нет
Unlabeled_26_12-20;1202;Bюо LA LNDA Man.bex uаоо0 кр. сух (Аргонтюю) 0. 75L Cyxoe;2210,00;1499,99;нет;нет;-32%;нет;нет;нет;нет;red;нет;нет;нет;нет;нет;нет;нет;нет;нет;нет;нет;нет
Unlabeled_26_12-20;1203;нет;нет;нет;нет;нет;нет;нет;нет;нет;нет;red;нет;нет;нет;нет;нет;нет;нет;нет;нет;нет;нет;нет
Unlabeled_26_12-20;1205;Внно ZUCCARDI Serio A Malbec rp. сух (Аргонтина) 0.75L;2736,00;1799,99;нет;нет;-34%;нет;нет;нет;нет;red;нет;нет;нет;нет;нет;нет;нет;нет;нет;нет;нет;нет
Unlabeled_26_12-20;1211;OSTT.AKWNL Dppcy A)0.;1052,00;879,99;нет;нет;нет;нет;нет;нет;нет;red;нет;нет;нет;нет;нет;нет;нет;нет;нет;нет;нет;нет
Unlabeled_26_12-20;1213;нет;нет;нет;нет;нет;нет;нет;нет;нет;нет;red;нет;нет;нет;нет;нет;нет;нет;нет;нет;нет;нет;нет
Unlabeled_26_12-20;1214;BeO TRUMPETEA Mam6e Tpyunerep Meндса coрт. 0pp.pcyx. (ACI)0.75L Cyoe;2045,00;1139,99;нет;2701041244;-44%;нет;нет;нет;нет;red;нет;нет;нет;нет;нет;нет;нет;нет;нет;нет;нет;нет
Unlabeled_26_12-20;1216;нет;нет;нет;нет;нет;нет;нет;нет;нет;нет;red;нет;нет;нет;нет;нет;нет;нет;нет;нет;нет;нет;нет
Unlabeled_26_12-20;1217;нет;нет;нет;нет;нет;нет;нет;нет;нет;нет;red;нет;нет;нет;нет;нет;нет;нет;нет;нет;нет;нет;нет
Unlabeled_26_12-20;1221;нет;нет;нет;нет;нет;нет;нет;нет;нет;нет;red;нет;нет;нет;нет;нет;нет;нет;нет;нет;нет;нет;нет
Unlabeled_26_12-20;1223;нет;нет;нет;нет;нет;нет;нет;нет;нет;нет;red;нет;нет;нет;нет;нет;нет;нет;нет;нет;нет;нет;нет
Unlabeled_26_2-10;1197;нет;нет;нет;нет;нет;нет;нет;нет;нет;нет;red;нет;нет;нет;нет;нет;нет;нет;нет;нет;нет;нет;нет
Unlabeled_26_2-10;1200;нет;нет;нет;нет;нет;нет;нет;нет;нет;нет;red;нет;нет;нет;нет;нет;нет;нет;нет;нет;нет;нет;нет
Unlabeled_26_2-10;1202;нет;нет;1399,99;нет;нет;-26%;нет;нет;нет;нет;red;нет;нет;нет;нет;нет;нет;нет;нет;нет;нет;нет;нет
Unlabeled_26_2-10;1205;нет;нет;1399,99;нет;нет;нет;нет;нет;нет;нет;red;нет;нет;нет;нет;нет;нет;нет;нет;нет;нет;нет;нет
Unlabeled_26_2-10;1229;нет;нет;1299,99;нет;нет;нет;нет;нет;нет;нет;red;нет;нет;нет;нет;нет;нет;нет;нет;нет;нет;нет;нет
Unlabeled_26_2-10;1230;ENO CHATEAU LE GRAND VOSTOCK C. (PoCO)0 751;751,00;499,99;нет;нет;-34%;нет;нет;нет;по цене;red;нет;нет;нет;нет;нет;нет;нет;нет;нет;нет;нет;нет
Unlabeled_26_2-10;1231;нет;нет;1679,99;нет;нет;-20%;нет;нет;нет;нет;red;нет;нет;нет;нет;нет;нет;нет;нет;нет;нет;нет;нет
Unlabeled_26_2-10;1232;нет;нет;699,99;нет;нет;нет;нет;нет;нет;нет;red;нет;нет;нет;нет;нет;нет;нет;нет;нет;нет;нет;нет
Unlabeled_26_2-10;1233;нет;нет;1499,99;нет;нет;нет;нет;нет;нет;нет;red;нет;нет;нет;нет;нет;нет;нет;нет;нет;нет;нет;нет
Unlabeled_26_2-10;1234;нет;нет;719,99;нет;нет;нет;нет;нет;нет;нет;red;нет;нет;нет;нет;нет;нет;нет;нет;нет;нет;нет;нет
Unlabeled_26_2-10;1235;нет;нет;нет;нет;нет;нет;нет;нет;нет;нет;red;нет;нет;нет;нет;нет;нет;нет;нет;нет;нет;нет;нет
Unlabeled_26_2-10;1236;нет;нет;719,99;нет;нет;нет;нет;нет;нет;нет;red;нет;нет;нет;нет;нет;нет;нет;нет;нет;нет;нет;нет
Unlabeled_26_2-10;1237;нет;нет;нет;нет;нет;нет;нет;нет;нет;нет;red;нет;нет;нет;нет;нет;нет;нет;нет;нет;нет;нет;нет
Unlabeled_26_2-10;1238;Вжо АРSHА Peeсoe3ГY Хyба Геnе-д tp. е. (Posя) а. 75L Cyxoe Z421;421,00;1699,99;нет;нет;-29%;нет;нет;нет;нет;red;нет;нет;нет;нет;нет;нет;нет;нет;нет;нет;нет;нет
Unlabeled_26_2-10;1239;нет;нет;нет;нет;нет;нет;нет;нет;нет;нет;red;нет;нет;нет;нет;нет;нет;нет;нет;нет;нет;нет;нет
Unlabeled_26_2-10;1240;Вжно ДиКаР Штг N p C Рx 37Y Нp (P0c0)0.731 с1oe;731,37;1799,99;нет;нет;нет;401272112;нет;нет;нет;red;нет;нет;нет;нет;нет;нет;нет;нет;нет;нет;нет;нет
Unlabeled_26_2-10;1241;B CHATEAU PNOT 3TY EYG (Po)0 15L Cyce;нет;нет;нет;нет;нет;нет;нет;нет;нет;red;нет;нет;нет;нет;нет;нет;нет;нет;нет;нет;нет;нет
Unlabeled_26_2-10;1244;нет;нет;нет;нет;нет;нет;нет;нет;нет;нет;red;нет;нет;нет;нет;нет;нет;нет;нет;нет;нет;нет;нет
Unlabeled_26_2-10;1245;нет;нет;нет;нет;нет;нет;нет;нет;нет;нет;red;нет;нет;нет;нет;нет;нет;нет;нет;нет;нет;нет;нет
Unlabeled_26_2-10;1246;нет;нет;699,99;нет;нет;нет;нет;нет;нет;нет;red;нет;нет;нет;нет;нет;нет;нет;нет;нет;нет;нет;нет
Unlabeled_26_2-10;1247;ВиНОСОПНЕЧНАЯ ДОЛИНА КРИ Pecoickoe3ГY Xpuм p. Cк (Poся) 0.75L Cyxαe;нет;1052,99;нет;нет;-33%;нет;нет;нет;нет;red;нет;нет;нет;нет;нет;нет;нет;нет;нет;нет;нет;нет
Unlabeled_26_2-10;1248;нет;нет;нет;нет;нет;нет;нет;нет;нет;нет;red;нет;нет;нет;нет;нет;нет;нет;нет;нет;нет;нет;нет
Unlabeled_26_2-10;1249;нет;нет;нет;нет;нет;нет;нет;нет;нет;нет;red;нет;нет;нет;нет;нет;нет;нет;нет;нет;нет;нет;нет
Unlabeled_26_2-10;1250;нет;нет;999,99;нет;нет;нет;нет;нет;нет;нет;red;нет;нет;нет;нет;нет;нет;нет;нет;нет;нет;нет;нет
Unlabeled_26_2-10;1251;Онню ДИкАРИ Шато Пино Каб. Фран 3ГУ Еубань Ногор. Росе. B cy. (POCCA)0.751 Cyxoe;3157,00;2299,99;нет;нет;-27%;нет;нет;нет;нет;red;нет;нет;нет;нет;нет;нет;нет;нет;нет;нет;нет;нет
Unlabeled_26_2-10;1253;BHIID ALAA VALLEY Роccийск 3Гу Крым Пино Нузр кр. сух.(Россия) 0. 75L Cyxoe;1368,00;999,99;нет;нет;-26%;нет;нет;нет;нет;red;нет;нет;нет;нет;нет;нет;нет;нет;нет;нет;нет;нет
Unlabeled_26_2-10;1255;нет;нет;нет;нет;нет;нет;нет;нет;нет;нет;red;нет;нет;нет;нет;нет;нет;нет;нет;нет;нет;нет;нет
Unlabeled_26_2-10;1259;нет;нет;769,99;нет;нет;нет;нет;нет;нет;нет;red;нет;нет;нет;нет;нет;нет;нет;нет;нет;нет;нет;нет
Unlabeled_26_2-10;1260;нет;нет;нет;нет;нет;нет;нет;нет;нет;нет;red;нет;нет;нет;нет;нет;нет;нет;нет;нет;нет;нет;нет
Unlabeled_26_2-10;1261;Вжо СHATEAШ P4ОТ Грав. Као Срн Росоееа. зП кро Ноеор. р. (Po6CM)0.76L;1052,00;769,99;нет;нет;-26%;нет;нет;нет;нет;red;нет;нет;нет;нет;нет;нет;нет;нет;нет;нет;нет;нет
Unlabeled_26_2-10;1262;нет;нет;899,99;нет;нет;нет;нет;нет;нет;нет;red;нет;нет;нет;нет;нет;нет;нет;нет;нет;нет;нет;нет
Unlabeled_26_2-10;1267;нет;нет;нет;нет;нет;нет;нет;нет;нет;нет;red;нет;нет;нет;нет;нет;нет;нет;нет;нет;нет;нет;нет
Unlabeled_26_2-10;1268;ВеНEДOР Pa Сооь 37 c. )0 7;842,00;662,99;нет;нет;-21%;14140012;нет;нет;нет;red;нет;нет;нет;нет;нет;нет;нет;нет;нет;нет;нет;нет
Unlabeled_26_2-10;1269;"O NKERAN Kбсpе 1ра 37 (Poca) 0. 72 Cyα TE3""";нет;599,99;нет;нет;-24%;нет;нет;нет;нет;red;нет;нет;нет;нет;нет;нет;нет;нет;нет;нет;нет;нет
Unlabeled_26_2-10;1270;нет;нет;нет;нет;нет;нет;нет;нет;нет;нет;red;нет;нет;нет;нет;нет;нет;нет;нет;нет;нет;нет;нет
Unlabeled_26_2-10;1272;BмHO INKERMAN Сапераг Крши 3ГY PоссииCx. uр. cух (Pосся) 0. 751 Cyxoe;842,00;599,99;нет;нет;-28%;нет;нет;нет;нет;red;нет;нет;нет;нет;нет;нет;нет;нет;нет;нет;нет;нет
Unlabeled_26_2-10;1278;нет;нет;279,99;нет;нет;нет;нет;нет;нет;нет;red;нет;нет;нет;нет;нет;нет;нет;нет;нет;нет;нет;нет
Unlabeled_26_2-10;1280;нет;нет;219,99;нет;нет;нет;нет;нет;нет;нет;red;нет;нет;нет;нет;нет;нет;нет;нет;нет;нет;нет;нет
Unlabeled_26_2-10;1281;Bино IVERIA LAMAZO кp. n/ сл. (Рассия) 0. 75L Потуслаое;389,00;279,99;нет;нет;-28%;нет;нет;нет;нет;red;нет;нет;нет;нет;нет;нет;нет;нет;нет;нет;нет;нет
Unlabeled_26_2-10;1282;нет;нет;нет;нет;нет;нет;нет;нет;нет;нет;red;нет;нет;нет;нет;нет;нет;нет;нет;нет;нет;нет;нет
Unlabeled_26_2-10;1283;нет;нет;279,99;нет;нет;нет;нет;нет;нет;нет;red;нет;нет;нет;нет;нет;нет;нет;нет;нет;нет;нет;нет
Unlabeled_26_2-10;1284;BVERIA LAMAO (Pucm)0.75;нет;279,99;нет;нет;-28%;нет;нет;нет;нет;red;нет;нет;нет;нет;нет;нет;нет;нет;нет;нет;нет;нет
Unlabeled_26_2-10;1285;нет;нет;659,99;нет;нет;нет;нет;нет;нет;нет;red;нет;нет;нет;нет;нет;нет;нет;нет;нет;нет;нет;нет
Unlabeled_26_2-10;1290;нет;нет;617,99;нет;нет;нет;нет;нет;нет;нет;red;нет;нет;нет;нет;нет;нет;нет;нет;нет;нет;нет;нет
Unlabeled_26_2-10;1293;Hcr8O;нет;519,99;нет;нет;нет;нет;нет;нет;нет;red;нет;нет;нет;нет;нет;нет;нет;нет;нет;нет;нет;нет
Unlabeled_26_2-10;1295;SDERNET SAUVIGNON MERLOT;нет;449,99;нет;нет;нет;нет;нет;нет;нет;red;нет;нет;нет;нет;нет;нет;нет;нет;нет;нет;нет;нет
Unlabeled_26_2-10;1298;ВенО ЛЕГЕНДА 0UAО6 Сoвонcpт. . Cy.[Pocc)0.72.;799,00;519,99;нет;нет;-34%;нет;нет;нет;нет;red;нет;нет;нет;нет;нет;нет;нет;нет;нет;нет;нет;нет
Unlabeled_26_2-10;1302;BиHю CANTANI Коберне Соаньон Мерпо кр. сух. (Poccma) 0.751 Cyxoe;751,00;449,99;нет;2770312810;-28%;нет;нет;нет;нет;red;нет;нет;нет;нет;нет;нет;нет;нет;нет;нет;нет;нет
Unlabeled_26_2-10;1305;нет;нет;нет;нет;нет;нет;нет;нет;нет;нет;red;нет;нет;нет;нет;нет;нет;нет;нет;нет;нет;нет;нет
Unlabeled_26_2-10;1306;нет;нет;659,99;нет;нет;нет;нет;нет;нет;нет;red;нет;нет;нет;нет;нет;нет;нет;нет;нет;нет;нет;нет
Unlabeled_26_2-10;1307;нет;нет;нет;нет;нет;нет;нет;нет;нет;нет;red;нет;нет;нет;нет;нет;нет;нет;нет;нет;нет;нет;нет
Unlabeled_26_2-10;1310;ВиНоУРОПИ ФРАНЦУЗСКОГО Росойсх. ЗГУ Кубаь. Сяра ер cyx (PocCna)0.75L 6e14P;947,00;659,99;нет;279103434347;-30%;нет;нет;нет;нет;red;нет;нет;нет;нет;нет;нет;нет;нет;нет;нет;нет;нет
Unlabeled_26_2-10;1311;нет;нет;259,99;нет;нет;нет;нет;нет;нет;нет;red;нет;нет;нет;нет;нет;нет;нет;нет;нет;нет;нет;нет
Unlabeled_26_2-10;1315;DHO VINO PARA LACENA столоное«р. n cn.(POcc=) 0.75L Пoncлa;389,00;219,99;нет;нет;-43%;нет;нет;нет;нет;red;нет;нет;нет;нет;нет;нет;нет;нет;нет;нет;нет;нет
Unlabeled_26_2-10;1316;нет;нет;нет;нет;нет;нет;нет;нет;нет;нет;red;нет;нет;нет;нет;нет;нет;нет;нет;нет;нет;нет;нет
Unlabeled_26_2-10;1317;нет;нет;нет;нет;нет;нет;нет;нет;нет;нет;red;нет;нет;нет;нет;нет;нет;нет;нет;нет;нет;нет;нет
Unlabeled_26_2-10;1318;нет;нет;нет;нет;нет;нет;нет;нет;нет;нет;red;нет;нет;нет;нет;нет;нет;нет;нет;нет;нет;нет;нет
Unlabeled_26_2-10;1320;нет;нет;нет;нет;нет;нет;нет;нет;нет;нет;red;нет;нет;нет;нет;нет;нет;нет;нет;нет;нет;нет;нет
Unlabeled_26_2-10;1322;нет;нет;нет;нет;нет;нет;нет;нет;нет;нет;red;нет;нет;нет;нет;нет;нет;нет;нет;нет;нет;нет;нет
Unlabeled_26_2-10;1324;нет;нет;нет;нет;нет;нет;нет;нет;нет;нет;red;нет;нет;нет;нет;нет;нет;нет;нет;нет;нет;нет;нет
Unlabeled_26_2-10;1325;COPEN ДОПА Ш Pe. 37K 0.Pocc/a15;15,37;759,99;нет;нет;-27%;нет;нет;нет;нет;red;нет;нет;нет;нет;нет;нет;нет;нет;нет;нет;нет;нет
Unlabeled_26_2-10;1326;нет;нет;459,99;нет;нет;нет;нет;нет;нет;нет;red;нет;нет;нет;нет;нет;нет;нет;нет;нет;нет;нет;нет
Unlabeled_26_2-10;1328;Вкно СОЛНЕЧНАЯ ДОПИНА Рсссийск ЗГУ Крыы кр. сух (Россия) 0. 751;751,00;459,99;нет;нет;-37%;нет;нет;нет;нет;red;нет;нет;нет;нет;нет;нет;нет;нет;нет;нет;нет;нет
Unlabeled_26_2-10;1333;нет;нет;нет;нет;нет;нет;нет;нет;нет;нет;red;нет;нет;нет;нет;нет;нет;нет;нет;нет;нет;нет;нет
Unlabeled_26_2-10;1334;нет;нет;479,99;нет;нет;нет;нет;нет;нет;нет;red;нет;нет;нет;нет;нет;нет;нет;нет;нет;нет;нет;нет
Unlabeled_26_2-10;1338;нет;нет;нет;нет;нет;нет;нет;нет;нет;нет;red;нет;нет;нет;нет;нет;нет;нет;нет;нет;нет;нет;нет
Unlabeled_26_2-10;1339;0-ст1Е9 роницнь Huere cтеpa on 6pa(Pocc (n0)0.74 GONT;652,00;479,99;нет;нет;-26%;нет;нет;нет;нет;red;нет;нет;нет;нет;нет;нет;нет;нет;нет;нет;нет;нет
