filename,product_name,price_default,price_card,price_discount,barcode,discount_amount,id_sku,print_datetime,code,additional_info,color,special_symbols,frame_timestamp,x_min,y_min,x_max,y_max,qr_code_barcode,price1_qr,price2_qr,price3_qr,price4_qr,wholesale_level_1_count,wholesale_level_1_price,wholesale_level_2_count,wholesale_level_2_price,action_price_qr,action_code_qr
25_12-20.mp4,Напиток безалкогальный ABRAU LGHT Apomar. c raa. (РОCСHя) 0. 25L,144.99,129.99,нет,4680140271438,-10%,770207716035,05.08.2023 14:47,нет,нет,red,нет,613,2110.7,976.1,2382.4,1254.3,4680140271438,144.99,нет,нет,129.99,нет,нет,нет,нет,нет,нет
25_12-20.mp4,Hаниток безалкогольный SANTO STEFANO Bianco (Pоссия) 0. 25L,252.99,129.99,нет,нет,-48%,157420280308,нет,нет,нет,red,нет,562,2091.5,1415.8,2357.0,1675.2,нет,252.99,нет,нет,129.99,нет,нет,нет,нет,нет,нет
25_12-20.mp4,Вино безалогольное LE PETIT OERET Sauvignon(@panu) 0. 75L,1368.99,699.99,нет,нет,-48%,нет,нет,нет,нет,red,нет,613,574.2,177.9,822.4,421.2,нет,1368.99,нет,нет,699.99,нет,нет,нет,нет,нет,нет
25_12-20.mp4,BaHO бецлооль MAYEACH p01 Cy.(Fepae) TSL,1263.99,769.99,нет,нет,-39%,нет,нет,нет,Сухое,red,нет,460,646.1,1774.9,887.8,1977.9,нет,1263.99,нет,нет,769.99,нет,нет,нет,нет,нет,нет
25_12-20.mp4,Bnta безалогольмое CARL JUNG CUVCe гоdр. (Герман)0 75L,1684.99,1199.99,нет,000222051842,-28%,422051842,08.05.2023 16:04,нет,нет,red,нет,613,556.5,734.6,779.8,979.5,000222051842,1684.99,нет,нет,1199.99,нет,нет,нет,нет,нет,нет
25_12-20.mp4,HanaTOk Genrom SANTO STEFANO Rest0(Poco)0. 25L,252.99,129.99,нет,670025474655,-48%,нет,нет,нет,нет,red,нет,562,2053.5,1922.7,2313.6,2130.9,670025474655,252.99,нет,нет,129.99,нет,нет,нет,нет,нет,нет
25_12-20.mp4,BMMO бехалеогальное MAYBACH 6en. (Гермамия)0 cys. 75L,1263.99,799.99,нет,нет,-36%,нет,нет,нет,нет,red,нет,613,577.1,1322.4,814.1,1558.5,нет,1263.99,нет,нет,799.99,нет,нет,нет,нет,нет,нет
25_12-20.mp4,Н3Tаток безалкогольный ABRAU UGHT Аромат. розоный с газ. (Россия) 0. 25L,40171.62,129.99,нет,770207716054,-10%,024017162,08.05.2023 14:49,нет,нет,red,нет,613,2147.7,411.4,2416.6,691.3,770207716054,40171.62,нет,нет,129.99,нет,нет,нет,нет,нет,нет
25_12-20.mp4,нет,нет,нет,нет,нет,нет,нет,нет,нет,нет,red,нет,358,2120.5,0.0,2399.0,41.8,нет,нет,нет,нет,нет,нет,нет,нет,нет,нет,нет
25_12-20.mp4,Bино безалогольо MUCHO MAS 6eN. cyх.(Hcnamя)0 Поnуcуxоо,751.99,106.99,нет,нет,нет,нет,нет,нет,Полусухое,red,нет,613,572.7,1014.2,808.1,1306.6,нет,751.99,нет,нет,106.99,нет,нет,нет,нет,нет,нет
25_12-20.mp4,3 по цене 2,нет,нет,нет,нет,нет,нет,нет,нет,2 по цене 1 от цены без карты,red,нет,358,2141.3,671.3,2392.0,955.6,нет,нет,нет,нет,нет,нет,нет,нет,нет,нет,нет
25_12-20.mp4,HTTo безалеогольный ABRAU LIGHT Аромат розовый с газ. (Pоссия) 0. 25L,144.99,129.99,нет,нет,-10%,нет,08.05.2023 14:46,нет,2 по цене 1 от цены без карты,red,Ш,868,2141.4,423.0,2411.4,957.8,нет,144.99,нет,нет,129.99,нет,нет,нет,нет,нет,нет
25_12-20.mp4,BERETR,239.99,1049.99,нет,нет,-23%,нет,23.05.2023 10:49,нет,нет,red,нет,5363,576.4,1266.9,802.4,1513.5,нет,239.99,нет,нет,1049.99,нет,нет,нет,нет,нет,нет
25_12-20.mp4,нет,нет,нет,нет,нет,нет,нет,нет,нет,нет,red,нет,3729,13.5,1796.8,159.9,1973.7,нет,нет,нет,нет,нет,нет,нет,нет,нет,нет,нет
25_12-20.mp4,нет,60.05,49.99,нет,нет,нет,нет,нет,нет,нет,red,нет,2503,1924.4,0.0,2654.0,94.6,нет,60.05,нет,нет,49.99,нет,нет,нет,нет,нет,нет
25_12-20.mp4,е нет DUCT2O 1a734 /e Or 3 шт.760,760.99,760.99,нет,нет,нет,нет,нет,нет,нет,red,нет,3524,2113.4,259.9,2434.2,538.1,нет,760.99,нет,нет,760.99,нет,нет,нет,нет,нет,нет
25_12-20.mp4,нет,нет,нет,нет,нет,-10%,нет,нет,нет,нет,red,нет,4903,2007.1,2088.4,2338.7,2160.0,нет,нет,нет,нет,нет,нет,нет,нет,нет,нет,нет
25_12-20.mp4,нет,нет,549.99,нет,нет,нет,нет,нет,нет,нет,red,нет,6538,568.9,1325.3,794.4,1564.1,нет,нет,нет,нет,549.99,нет,нет,нет,нет,нет,нет
25_12-20.mp4,нет,нет,нет,нет,нет,нет,нет,нет,нет,нет,red,нет,2911,2.0,1608.3,99.4,1788.0,нет,нет,нет,нет,нет,нет,нет,нет,нет,нет,нет
25_12-20.mp4,нет,нет,799.99,нет,нет,нет,нет,05.06.2023 15:34,нет,нет,red,нет,7202,563.7,1193.1,795.4,1434.5,нет,нет,нет,нет,799.99,нет,нет,нет,нет,нет,нет
25_12-20.mp4,нет,1684.99,299.99,нет,нет,нет,нет,нет,нет,нет,red,нет,4291,1648.1,1.9,2918.0,235.9,нет,1684.99,нет,нет,299.99,нет,нет,нет,нет,нет,нет
25_12-20.mp4,E× бовтоь DOPOOPASSO Альерата Рoссо,1684.99,1299.99,нет,нет,-22%,нет,01.05.2022 16:04,нет,нет,red,нет,5363,2106.2,425.8,2386.2,712.0,нет,1684.99,нет,нет,1299.99,нет,нет,нет,нет,нет,нет
25_12-20.mp4,нет,нет,нет,нет,нет,нет,нет,нет,нет,нет,red,нет,8172,570.1,1255.1,809.0,1526.8,нет,нет,нет,нет,нет,нет,нет,нет,нет,нет,нет
25_12-20.mp4,нет,нет,нет,нет,нет,нет,нет,нет,нет,нет,red,нет,5108,1.9,1508.3,73.6,1693.7,нет,нет,нет,нет,нет,нет,нет,нет,нет,нет,нет
25_12-20.mp4,нет,нет,299.99,нет,нет,нет,нет,08.05.2023 16:34,нет,нет,red,нет,5516,1800.2,0.0,2723.1,120.2,нет,нет,нет,нет,299.99,нет,нет,нет,нет,нет,нет
25_12-20.mp4,Вино DOPPO PASSO Anpte 0 тя,506.62,1299.99,нет,нет,-22%,нет,22.06.2023 15:47,нет,нет,red,нет,7202,2096.5,599.7,2387.5,889.7,нет,506.62,нет,нет,1299.99,нет,нет,нет,нет,нет,нет
25_12-20.mp4,нет,нет,6251.99,нет,нет,нет,нет,нет,нет,нет,red,нет,9858,566.5,1363.6,786.4,1601.9,нет,нет,нет,нет,6251.99,нет,нет,нет,нет,нет,нет
25_12-20.mp4,нет,нет,нет,нет,нет,нет,нет,нет,нет,нет,red,нет,6538,1867.9,0.0,2674.2,85.4,нет,нет,нет,нет,нет,нет,нет,нет,нет,нет,нет
25_12-20.mp4,CARL SG,нет,999.99,нет,нет,-40%,нет,нет,нет,нет,red,нет,8172,2086.1,525.9,2403.6,824.9,нет,нет,нет,нет,999.99,нет,нет,нет,нет,нет,нет
25_12-20.mp4,нет,нет,999.99,нет,нет,нет,нет,нет,нет,нет,red,нет,11237,568.4,1460.4,791.7,1708.1,нет,нет,нет,нет,999.99,нет,нет,нет,нет,нет,нет
25_12-20.mp4,нет,нет,нет,нет,нет,нет,нет,нет,нет,нет,red,нет,7560,0.6,1525.1,70.1,1715.7,нет,нет,нет,нет,нет,нет,нет,нет,нет,нет,нет
25_12-20.mp4,нет,нет,179.99,нет,нет,нет,нет,нет,нет,нет,red,нет,9041,1769.4,0.0,2776.3,218.0,нет,нет,нет,нет,179.99,нет,нет,нет,нет,нет,нет
25_12-20.mp4,3V Рo ст. Росода о,157.99,319.99,нет,нет,-31%,нет,нет,нет,нет,red,нет,9705,2127.4,246.2,2421.6,533.8,нет,157.99,нет,нет,319.99,нет,нет,нет,нет,нет,нет
25_12-20.mp4,нет,нет,696.99,нет,нет,нет,нет,нет,нет,нет,red,нет,13382,585.7,1567.8,817.0,1804.4,нет,нет,нет,нет,696.99,нет,нет,нет,нет,нет,нет
25_12-20.mp4,нет,нет,399.99,нет,нет,нет,нет,нет,нет,нет,red,нет,10113,1733.7,0.0,2837.0,170.5,нет,нет,нет,нет,399.99,нет,нет,нет,нет,нет,нет
25_12-20.mp4,нет,нет,нет,нет,нет,нет,нет,нет,нет,нет,red,нет,10216,13.9,1731.5,106.7,1911.5,нет,нет,нет,нет,нет,нет,нет,нет,нет,нет,нет
25_12-20.mp4,ONTERA,нет,нет,нет,нет,нет,нет,нет,нет,нет,red,нет,10522,179.1,1.0,1236.9,239.2,нет,нет,нет,нет,нет,нет,нет,нет,нет,нет,нет
25_12-20.mp4,C-SG 1ET,нет,399.99,нет,нет,-29%,нет,01.05.2023 10:39,нет,нет,red,нет,10216,2141.9,0.0,2437.6,236.4,нет,нет,нет,нет,399.99,нет,нет,нет,нет,нет,нет
25_12-20.mp4,нет,нет,нет,нет,нет,нет,нет,нет,нет,нет,red,нет,13740,559.4,1336.8,780.8,1586.9,нет,нет,нет,нет,нет,нет,нет,нет,нет,нет,нет
25_12-20.mp4,BA FROVTERA,нет,нет,нет,нет,нет,нет,нет,нет,нет,red,нет,14506,574.5,1438.4,788.5,1679.7,нет,нет,нет,нет,нет,нет,нет,нет,нет,нет,нет
25_12-20.mp4,нет,нет,399.99,нет,нет,нет,399999999,нет,нет,нет,red,нет,11084,1841.3,0.0,2766.9,129.7,нет,нет,нет,нет,399.99,нет,нет,нет,нет,нет,нет
25_12-20.mp4,ES 137L,нет,39.99,нет,нет,-29%,3999999999,нет,нет,нет,red,К,13280,2136.0,889.3,2415.0,1183.2,нет,нет,нет,нет,39.99,нет,нет,нет,нет,нет,нет
25_12-20.mp4,нет,нет,нет,нет,нет,нет,нет,нет,нет,нет,red,нет,11595,0.0,0.6,98.0,127.9,нет,нет,нет,нет,нет,нет,нет,нет,нет,нет,нет
25_12-20.mp4,нет,2074.99,174.99,нет,нет,нет,нет,нет,нет,2 по цене 1 от цены без карты,red,нет,12259,207.1,0.0,1208.2,249.8,нет,2074.99,нет,нет,174.99,нет,нет,нет,нет,нет,нет
25_12-20.mp4,нет,нет,нет,нет,нет,нет,нет,нет,нет,нет,red,нет,11799,0.0,6.5,64.1,177.6,нет,нет,нет,нет,нет,нет,нет,нет,нет,нет,нет
25_12-20.mp4,HENET,нет,399.99,нет,нет,нет,нет,нет,нет,нет,red,нет,12259,1814.1,0.0,2789.1,218.4,нет,нет,нет,нет,399.99,нет,нет,нет,нет,нет,нет
25_12-20.mp4,Eo CE,297.39,157.99,нет,нет,-29%,нет,нет,нет,нет,red,нет,13638,2141.5,625.0,2421.7,920.5,нет,297.39,нет,нет,157.99,нет,нет,нет,нет,нет,нет
25_12-20.mp4,CPOHTEF,300.99,379.99,нет,нет,нет,нет,08.05.2023 10:34,нет,2 по цене 1 от цены без карты,red,нет,15323,556.6,1334.4,789.9,1587.7,нет,300.99,нет,нет,379.99,нет,нет,нет,нет,нет,нет
25_12-20.mp4,нет,нет,995.99,нет,нет,нет,нет,нет,нет,нет,red,нет,13842,2124.4,437.3,2503.8,737.1,нет,нет,нет,нет,995.99,нет,нет,нет,нет,нет,нет
25_12-20.mp4,BmO CAVIT Санвкох Mo C7,3751.99,693.99,нет,37692875,нет,нет,нет,нет,нет,red,нет,16345,582.7,1411.6,783.9,1665.0,37692875,3751.99,нет,нет,693.99,нет,нет,нет,нет,нет,нет
25_12-20.mp4,Вао БАПЕРАИ ЗАЛАРЫНШД Pocc 3 10cx б0 cy1 FoC0 8 1372 Cy2oe,1372.99,111.99,нет,нет,-56%,нет,нет,нет,Сухое,red,нет,15323,2141.6,907.9,2428.9,1197.5,нет,1372.99,нет,нет,111.99,нет,нет,нет,нет,нет,нет
25_12-20.mp4,OWPTT T2,140.99,1671.99,нет,нет,-35%,нет,нет,нет,нет,red,нет,15323,526.2,681.4,783.5,956.8,нет,140.99,нет,нет,1671.99,нет,нет,нет,нет,нет,нет
25_12-20.mp4,еСАлДхо,нет,1878.99,нет,нет,-18%,нет,нет,нет,нет,red,нет,16345,2117.1,1116.5,2394.8,1408.8,нет,нет,нет,нет,1878.99,нет,нет,нет,нет,нет,нет
25_12-20.mp4,нет,нет,нет,нет,нет,нет,нет,нет,нет,нет,red,нет,13893,2.6,1503.6,78.8,1791.7,нет,нет,нет,нет,нет,нет,нет,нет,нет,нет,нет
25_12-20.mp4,нет,нет,нет,нет,нет,нет,нет,нет,нет,нет,red,нет,13944,7.7,1836.1,140.1,2008.7,нет,нет,нет,нет,нет,нет,нет,нет,нет,нет,нет
25_12-20.mp4,нет,нет,нет,нет,нет,-24%,3900000000,нет,нет,нет,red,нет,16345,522.5,713.7,768.5,976.4,нет,нет,нет,нет,нет,нет,нет,нет,нет,нет,нет
25_12-20.mp4,нет,нет,нет,нет,нет,нет,нет,нет,нет,нет,red,нет,16447,640.3,2081.7,946.7,2160.0,нет,нет,нет,нет,нет,нет,нет,нет,нет,нет,нет
25_12-20.mp4,нет,нет,нет,нет,нет,-26%,нет,01.01.2023 10:15,нет,нет,red,нет,17366,2118.8,939.7,2412.8,1227.7,нет,нет,нет,нет,нет,нет,нет,нет,нет,нет,нет
25_12-20.mp4,нет,нет,нет,нет,нет,нет,нет,нет,нет,нет,red,нет,15272,0.0,0.9,79.9,155.5,нет,нет,нет,нет,нет,нет,нет,нет,нет,нет,нет
25_12-20.mp4,нет,нет,нет,нет,нет,нет,нет,нет,нет,нет,red,нет,18439,547.1,1037.9,772.7,1304.4,нет,нет,нет,нет,нет,нет,нет,нет,нет,нет,нет
25_12-20.mp4,нет,нет,нет,нет,нет,нет,нет,нет,нет,нет,red,К,17213,214.0,0.0,1233.9,224.7,нет,нет,нет,нет,нет,нет,нет,нет,нет,нет,нет
25_12-20.mp4,нет,нет,нет,нет,нет,нет,нет,нет,нет,нет,red,нет,17009,1809.9,0.0,2800.8,124.3,нет,нет,нет,нет,нет,нет,нет,нет,нет,нет,нет
25_12-20.mp4,нет,нет,нет,нет,нет,нет,нет,нет,нет,нет,red,нет,17060,3.9,1600.4,71.4,1766.1,нет,нет,нет,нет,нет,нет,нет,нет,нет,нет,нет
25_12-20.mp4,всо CANA DC,нет,нет,нет,нет,нет,нет,нет,нет,нет,red,К,18439,2150.6,570.2,2452.8,853.9,нет,нет,нет,нет,нет,нет,нет,нет,нет,нет,нет
25_12-20.mp4,KAFE Spra ras,нет,нет,нет,нет,нет,нет,нет,нет,нет,red,нет,18439,547.9,504.4,788.1,767.2,нет,нет,нет,нет,нет,нет,нет,нет,нет,нет,нет
25_12-20.mp4,CAK Gee,нет,693.99,нет,нет,нет,нет,нет,нет,нет,red,К,17469,656.5,1865.5,890.4,2160.0,нет,нет,нет,нет,693.99,нет,нет,нет,нет,нет,нет
25_12-20.mp4,LOOEA KAFE Ндо п Tn,нет,нет,нет,нет,нет,нет,нет,нет,нет,red,нет,20584,571.6,1070.5,798.2,1351.5,нет,нет,нет,нет,нет,нет,нет,нет,нет,нет,нет
25_12-20.mp4,нет,нет,нет,нет,нет,нет,нет,нет,нет,нет,red,нет,18184,1708.3,1.6,2924.2,186.1,нет,нет,нет,нет,нет,нет,нет,нет,нет,нет,нет
25_12-20.mp4,нет,нет,нет,нет,нет,нет,нет,нет,нет,нет,red,нет,18439,2145.0,3.3,2501.1,279.8,нет,нет,нет,нет,нет,нет,нет,нет,нет,нет,нет
25_12-20.mp4,нет,нет,нет,нет,нет,нет,нет,нет,нет,нет,red,нет,18286,700.8,2108.4,885.4,2160.0,нет,нет,нет,нет,нет,нет,нет,нет,нет,нет,нет
25_12-20.mp4,6хнO GUS Ф. (Pоca) 11,нет,нет,нет,нет,нет,нет,нет,нет,нет,red,нет,21861,553.1,990.0,791.5,1258.7,нет,нет,нет,нет,нет,нет,нет,нет,нет,нет,нет
25_12-20.mp4,нет,нет,нет,нет,нет,нет,нет,нет,нет,нет,red,нет,19614,1839.0,0.0,2826.6,175.7,нет,нет,нет,нет,нет,нет,нет,нет,нет,нет,нет
25_12-20.mp4,нет,нет,нет,нет,нет,нет,нет,нет,нет,нет,red,нет,21861,2146.3,1016.2,2412.2,1279.8,нет,нет,нет,нет,нет,нет,нет,нет,нет,нет,нет
25_12-20.mp4,нет,нет,нет,нет,нет,нет,нет,нет,нет,нет,red,нет,20329,0.0,0.0,83.1,83.9,нет,нет,нет,нет,нет,нет,нет,нет,нет,нет,нет
25_12-20.mp4,нет,нет,309.99,нет,нет,нет,нет,нет,нет,нет,red,нет,21044,1835.6,3.8,2804.1,342.0,нет,нет,нет,нет,309.99,нет,нет,нет,нет,нет,нет
25_12-20.mp4,нет,нет,нет,нет,нет,нет,нет,нет,нет,нет,red,нет,20584,3.6,1580.3,63.8,1758.7,нет,нет,нет,нет,нет,нет,нет,нет,нет,нет,нет
25_12-20.mp4,Екно ЮБАНСКАЯ БОЛЬНИША ох. (Росоя)1 Cpx,344.99,309.99,нет,нет,-10%,нет,нет,нет,нет,red,К,23700,2149.0,1114.3,2430.6,1643.4,нет,344.99,нет,нет,309.99,нет,нет,нет,нет,нет,нет
25_12-20.mp4,нет,нет,нет,нет,нет,нет,нет,нет,нет,нет,red,нет,21453,6.7,1805.3,130.6,1979.0,нет,нет,нет,нет,нет,нет,нет,нет,нет,нет,нет
25_12-20.mp4,нет,нет,нет,нет,нет,нет,нет,нет,нет,нет,red,нет,21810,2096.8,2121.5,2285.1,2160.0,нет,нет,нет,нет,нет,нет,нет,нет,нет,нет,нет
25_12-20.mp4,ACH ITPL,нет,нет,нет,нет,нет,нет,нет,нет,нет,red,нет,22883,1806.8,0.0,2817.4,195.9,нет,нет,нет,нет,нет,нет,нет,нет,нет,нет,нет
25_12-20.mp4,нет,нет,нет,нет,нет,нет,нет,нет,нет,нет,red,нет,22934,1.1,1775.9,181.9,2075.2,нет,нет,нет,нет,нет,нет,нет,нет,нет,нет,нет
25_12-20.mp4,нет,нет,нет,нет,нет,нет,нет,нет,нет,нет,red,нет,25539,2127.6,1154.5,2391.9,1447.1,нет,нет,нет,нет,нет,нет,нет,нет,нет,нет,нет
25_12-20.mp4,нет,нет,нет,нет,нет,нет,нет,нет,нет,нет,red,нет,26101,2017.6,2085.3,2340.7,2160.0,нет,нет,нет,нет,нет,нет,нет,нет,нет,нет,нет
25_12-20.mp4,нет,нет,нет,нет,нет,нет,нет,нет,нет,нет,red,нет,23853,1875.8,0.0,2756.4,114.6,нет,нет,нет,нет,нет,нет,нет,нет,нет,нет,нет
25_12-20.mp4,нет,нет,нет,нет,нет,нет,нет,нет,нет,нет,red,нет,25539,2137.8,630.5,2425.8,925.9,нет,нет,нет,нет,нет,нет,нет,нет,нет,нет,нет
25_12-20.mp4,нет,нет,нет,нет,нет,нет,нет,нет,нет,нет,red,нет,24671,199.0,0.0,1215.6,234.1,нет,нет,нет,нет,нет,нет,нет,нет,нет,нет,нет
25_12-20.mp4,нет,нет,нет,нет,нет,нет,нет,нет,нет,нет,red,нет,27071,546.7,1069.7,760.7,1321.1,нет,нет,нет,нет,нет,нет,нет,нет,нет,нет,нет
25_12-20.mp4,нет,нет,нет,нет,нет,нет,нет,нет,нет,нет,red,нет,26305,0.0,1668.4,96.6,1843.5,нет,нет,нет,нет,нет,нет,нет,нет,нет,нет,нет
25_12-20.mp4,О6ъ OE ЛИ,нет,315.99,нет,нет,нет,нет,06.05.2023 15:30,нет,нет,red,нет,26560,1869.7,0.0,2691.5,127.5,нет,нет,нет,нет,315.99,нет,нет,нет,нет,нет,нет
25_12-20.mp4,Вкно сеь ЕИНОДЕПОВ cyх (Pocoxs) 1L Caoe,315.99,229.99,нет,315927065899,-27%,нет,нет,нет,Сухое,red,К,29880,2112.4,1148.9,2389.1,1666.3,315927065899,315.99,нет,нет,229.99,нет,нет,нет,нет,нет,нет
25_12-20.mp4,нет,нет,130.99,нет,нет,нет,нет,нет,нет,нет,red,нет,29216,257.5,13.8,1147.4,268.7,нет,нет,нет,нет,130.99,нет,нет,нет,нет,нет,нет
25_12-20.mp4,нет,нет,330.99,нет,нет,нет,нет,нет,нет,нет,red,нет,29880,1944.2,106.1,2612.6,391.2,нет,нет,нет,нет,330.99,нет,нет,нет,нет,нет,нет
25_12-20.mp4,нет,нет,нет,нет,нет,нет,нет,нет,нет,нет,red,нет,32690,578.8,1380.2,803.8,1615.8,нет,нет,нет,нет,нет,нет,нет,нет,нет,нет,нет
25_12-20.mp4,нет,нет,нет,нет,нет,нет,нет,нет,нет,нет,red,нет,30085,718.3,2113.9,955.7,2160.0,нет,нет,нет,нет,нет,нет,нет,нет,нет,нет,нет
25_12-20.mp4,нет,нет,нет,нет,нет,нет,нет,нет,нет,нет,red,нет,35754,578.0,1566.3,802.3,1792.9,нет,нет,нет,нет,нет,нет,нет,нет,нет,нет,нет
25_12-20.mp4,нет,нет,нет,нет,нет,нет,нет,нет,нет,нет,red,нет,31924,1713.3,0.0,2846.9,204.1,нет,нет,нет,нет,нет,нет,нет,нет,нет,нет,нет
25_12-20.mp4,нет,нет,нет,нет,нет,нет,нет,нет,нет,нет,red,нет,32690,2107.9,180.9,2414.7,464.0,нет,нет,нет,нет,нет,нет,нет,нет,нет,нет,нет
25_12-20.mp4,нет,нет,нет,нет,нет,нет,нет,нет,нет,нет,red,нет,32179,2074.5,2104.5,2291.3,2160.0,нет,нет,нет,нет,нет,нет,нет,нет,нет,нет,нет
25_12-20.mp4,нет,нет,нет,нет,нет,нет,нет,нет,нет,нет,red,нет,36776,508.0,917.9,740.2,1174.9,нет,нет,нет,нет,нет,нет,нет,нет,нет,нет,нет
25_12-20.mp4,нет,нет,нет,нет,нет,нет,нет,нет,нет,нет,red,нет,34784,718.7,2105.0,920.6,2160.0,нет,нет,нет,нет,нет,нет,нет,нет,нет,нет,нет
25_12-20.mp4,нет,нет,нет,нет,нет,нет,нет,нет,нет,Сухое,red,нет,35550,1682.1,1.7,2830.2,192.5,нет,нет,нет,нет,нет,нет,нет,нет,нет,нет,нет
25_12-20.mp4,нет,нет,нет,нет,нет,нет,нет,нет,нет,нет,red,нет,36776,2100.0,544.1,2387.0,839.7,нет,нет,нет,нет,нет,нет,нет,нет,нет,нет,нет
25_12-20.mp4,нет,нет,нет,нет,нет,нет,нет,нет,нет,нет,red,нет,37491,682.6,2106.0,930.7,2160.0,нет,нет,нет,нет,нет,нет,нет,нет,нет,нет,нет
25_12-20.mp4,нет,нет,нет,нет,нет,-12%,нет,нет,нет,нет,red,нет,38155,215.8,0.0,1134.5,239.5,нет,нет,нет,нет,нет,нет,нет,нет,нет,нет,нет
25_12-20.mp4,нет,нет,нет,нет,нет,нет,нет,нет,нет,нет,red,нет,40862,513.8,1167.6,731.1,1431.8,нет,нет,нет,нет,нет,нет,нет,нет,нет,нет,нет
25_12-20.mp4,нет,нет,нет,нет,нет,нет,нет,нет,нет,Полусладкое,red,нет,38564,1716.9,0.0,2825.9,170.2,нет,нет,нет,нет,нет,нет,нет,нет,нет,нет,нет
25_12-20.mp4,нет,нет,нет,нет,нет,нет,нет,нет,нет,нет,red,нет,40198,2096.5,672.0,2390.7,969.3,нет,нет,нет,нет,нет,нет,нет,нет,нет,нет,нет
25_12-20.mp4,ВиНO EL TORITO Олимл Фелис cpa 6en. cy. (Pоссия)21,нет,699.99,нет,нет,-16%,нет,нет,нет,нет,red,К,41884,458.7,418.6,752.6,690.8,нет,нет,нет,нет,699.99,нет,нет,нет,нет,нет,нет
25_12-20.mp4,Бино МОНАСТЫРСКАЯ TPАnEЗA 6eл. (Pocca) 1L cn,399.99,329.99,нет,нет,-17%,нет,нет,нет,нет,red,нет,41884,2017.6,395.7,2469.5,691.9,нет,399.99,нет,нет,329.99,нет,нет,нет,нет,нет,нет
26_12-20.mp4,POCCAA ШЕРАЯ ДYША Рзсао,нет,500.99,нет,нет,-49%,нет,нет,нет,нет,red,нет,4004,1766.1,1687.0,2142.9,2017.2,нет,нет,нет,нет,500.99,нет,нет,нет,нет,нет,нет
26_12-20.mp4,нет,нет,нет,нет,нет,нет,нет,нет,нет,нет,red,нет,1602,3103.3,227.4,3387.1,511.7,нет,нет,нет,нет,нет,нет,нет,нет,нет,нет,нет
26_12-20.mp4,нет,нет,нет,нет,нет,нет,нет,нет,нет,нет,red,нет,2202,0.0,291.4,88.6,492.4,нет,нет,нет,нет,нет,нет,нет,нет,нет,нет,нет
26_12-20.mp4,нет,нет,нет,нет,нет,нет,нет,нет,нет,нет,red,нет,1852,0.0,0.0,248.7,71.7,нет,нет,нет,нет,нет,нет,нет,нет,нет,нет,нет
26_12-20.mp4,нет,нет,1399.99,нет,нет,нет,нет,нет,нет,нет,red,нет,2252,394.8,0.0,1198.2,220.5,нет,нет,нет,нет,1399.99,нет,нет,нет,нет,нет,нет
26_12-20.mp4,нет,нет,нет,нет,нет,нет,нет,нет,нет,нет,red,нет,4004,0.0,345.3,96.1,705.2,нет,нет,нет,нет,нет,нет,нет,нет,нет,нет,нет
26_12-20.mp4,WCMALL WAALLRA BEAUOLAR,1899.99,1399.99,нет,нет,-30%,нет,нет,нет,нет,red,нет,8859,694.7,1568.4,886.4,1798.5,нет,1899.99,нет,нет,1399.99,нет,нет,нет,нет,нет,нет
26_12-20.mp4,нет,нет,89.99,нет,нет,нет,нет,нет,нет,нет,red,нет,3003,2892.3,1159.2,3170.4,1485.8,нет,нет,нет,нет,89.99,нет,нет,нет,нет,нет,нет
26_12-20.mp4,Вино CITRAN Бордо Суперьор kp. cyx. (Франция) 0. 75L,2631.99,1899.99,нет,нет,-27%,нет,нет,01_26317,Сухое,red,нет,8809,2027.0,1461.9,2277.8,1706.4,нет,2631.99,нет,нет,1899.99,нет,нет,нет,нет,нет,нет
26_12-20.mp4,BиНO CLOCE DU CHARME Kа6еPНО Сонин.он «р. сух. (Фри) 0. 75L,1334.99,1199.99,нет,нет,-10%,нет,нет,нет,2 по цене 1 от цены без карты,red,нет,8809,651.3,1088.9,845.0,1532.9,нет,1334.99,нет,нет,1199.99,нет,нет,нет,нет,нет,нет
26_12-20.mp4,Bo VOULN DE U FAYE WaT Peep.cy,6000.99,2345.99,нет,нет,-38%,нет,нет,нет,нет,red,нет,8859,2011.0,1929.1,2244.8,2120.7,нет,6000.99,нет,нет,2345.99,нет,нет,нет,нет,нет,нет
26_12-20.mp4,нет,нет,нет,нет,нет,нет,нет,нет,нет,нет,red,нет,3804,0.0,2.1,291.5,131.2,нет,нет,нет,нет,нет,нет,нет,нет,нет,нет,нет
26_12-20.mp4,нет,нет,нет,нет,нет,нет,нет,нет,нет,нет,red,нет,3904,641.4,0.0,970.8,95.9,нет,нет,нет,нет,нет,нет,нет,нет,нет,нет,нет
26_12-20.mp4,нет,нет,нет,нет,нет,нет,нет,нет,нет,нет,red,нет,6356,0.0,677.1,38.7,868.1,нет,нет,нет,нет,нет,нет,нет,нет,нет,нет,нет
26_12-20.mp4,BиНо CLOCE OU CHARME Mopno «p.cyx. (Францн) 0. 75L,1334.99,1199.99,нет,нет,-10%,134567890,нет,нет,2 по цене 1 от цены без карты,red,нет,8508,642.7,607.6,829.5,1061.3,нет,1334.99,нет,нет,1199.99,нет,нет,нет,нет,нет,нет
26_12-20.mp4,DHMO PREIGNES LE VIEUХ Пэй дОх Лез Этонан Каберне Фран сорт. кр. сух (Франция) 0. 75L,24213.99,1631.99,нет,552848940002,-32%,20015025810,нет,нет,нет,red,нет,8809,2057.0,794.9,2325.3,1058.5,552848940002,24213.99,нет,нет,1631.99,нет,нет,нет,нет,нет,нет
26_12-20.mp4,нет,нет,969.99,нет,нет,нет,696666666,нет,нет,нет,red,нет,17017,29.1,1727.3,186.6,1870.5,нет,нет,нет,нет,969.99,нет,нет,нет,нет,нет,нет
26_12-20.mp4,"Вино ALBERT BICHOT Chateau De Дгасу Пино Нуар Бургонь шыдерх, кр сух.(Франшия) 0.751 a4 Cyxoo",5578.99,2999.99,нет,270101423730,-46%,820043326807,нет,нет,нет,red,нет,8809,2072.8,428.6,2331.3,691.6,270101423730,5578.99,нет,нет,2999.99,нет,нет,нет,нет,нет,нет
26_12-20.mp4,нет,нет,1499.99,нет,нет,нет,нет,нет,нет,нет,red,нет,8859,0.0,1511.1,122.3,1691.5,нет,нет,нет,нет,1499.99,нет,нет,нет,нет,нет,нет
26_12-20.mp4,нет,нет,969.99,нет,нет,нет,нет,нет,нет,нет,red,нет,8859,0.0,136.5,103.2,322.3,нет,нет,нет,нет,969.99,нет,нет,нет,нет,нет,нет
26_12-20.mp4,нет,нет,1119.99,нет,нет,нет,нет,нет,нет,нет,red,нет,6106,400.2,0.0,1195.7,152.8,нет,нет,нет,нет,1119.99,нет,нет,нет,нет,нет,нет
26_12-20.mp4,BO LE GRAND D7SSD НОй Пно НуЭр p.№cy ()075L,1578.99,1119.99,нет,29761119,-29%,нет,01.05.2023 15:00,нет,нет,red,К,8859,682.0,50.8,892.5,273.6,29761119,1578.99,нет,нет,1119.99,нет,нет,нет,нет,нет,нет
26_12-20.mp4,нет,нет,нет,нет,нет,нет,нет,нет,нет,нет,red,нет,8809,1.0,1073.0,78.5,1411.7,нет,нет,нет,нет,нет,нет,нет,нет,нет,нет,нет
26_12-20.mp4,Bк UAEAUME SAINT-PAUL TERROIR KoPEp AOP.C (ранs)0. 75L,2526.99,2254.99,нет,нет,-10%,нет,08.05.2021 16:10,нет,Сухое,red,К,17017,2025.2,1796.5,2281.1,1989.9,нет,2526.99,нет,нет,2254.99,нет,нет,нет,нет,нет,нет
26_12-20.mp4,BиНO CLOCE DU O.M CHARMEMoPNO кp. cуx. (Франции) 0. 75L,1334.99,1199.99,нет,нет,-10%,нет,нет,нет,нет,red,нет,8859,650.4,609.1,828.1,840.9,нет,1334.99,нет,нет,1199.99,нет,нет,нет,нет,нет,нет
26_12-20.mp4,нет,нет,нет,нет,нет,нет,нет,нет,нет,нет,red,нет,6506,0.4,695.7,26.2,886.7,нет,нет,нет,нет,нет,нет,нет,нет,нет,нет,нет
26_12-20.mp4,BиНO CLOCE OU CHARME KOOPHO Сонинон ер.сух. (Фрамя) 0. 75L,1334.99,1199.99,нет,нет,-10%,нет,нет,нет,нет,red,нет,8609,648.0,1091.6,827.7,1326.9,нет,1334.99,нет,нет,1199.99,нет,нет,нет,нет,нет,нет
26_12-20.mp4,нет,нет,199.99,нет,нет,нет,нет,нет,нет,нет,red,нет,8959,0.0,695.9,29.1,879.8,нет,нет,нет,нет,199.99,нет,нет,нет,нет,нет,нет
26_12-20.mp4,нет,нет,1119.99,нет,нет,нет,нет,нет,нет,нет,red,нет,10210,385.9,0.0,1184.9,157.3,нет,нет,нет,нет,1119.99,нет,нет,нет,нет,нет,нет
26_12-20.mp4,BO LEGRAND NOLR HD wC DUNU,1573.99,1119.99,нет,нет,-29%,нет,05.06.2023 11:19,нет,нет,red,нет,17017,697.6,1810.2,914.6,2005.8,нет,1573.99,нет,нет,1119.99,нет,нет,нет,нет,нет,нет
26_12-20.mp4,нет,нет,1119.99,нет,нет,нет,нет,нет,нет,нет,red,нет,11912,315.8,0.0,1121.2,238.2,нет,нет,нет,нет,1119.99,нет,нет,нет,нет,нет,нет
26_12-20.mp4,Bmo LE GRAND HOR KOee С0 ор1 CYA.()0751,1578.99,1119.99,нет,нет,-29%,нет,нет,нет,нет,red,нет,17017,571.4,1346.1,800.1,1581.7,нет,1578.99,нет,нет,1119.99,нет,нет,нет,нет,нет,нет
26_12-20.mp4,CÓTES,751.99,2749.99,нет,нет,нет,нет,нет,нет,нет,red,нет,12512,1636.8,0.0,2801.0,211.4,нет,751.99,нет,нет,2749.99,нет,нет,нет,нет,нет,нет
26_12-20.mp4,Вино GUIGAL Кот дю Рон Руж выд. кр. сух. (Франция) 0. 75L,600.99,2749.99,нет,456049112180,-37%,27010173390,нет,нет,Сухое,red,нет,17017,2060.3,1205.5,2352.3,1462.4,456049112180,600.99,нет,нет,2749.99,нет,нет,нет,нет,нет,нет
26_12-20.mp4,BHHO CAHORS Шато Брю Лигардет 0ьд. р. сух. (Францн)0. 75L,2105.99,1529.99,нет,нет,-27%,нет,нет,нет,нет,red,нет,17017,476.8,660.2,692.4,933.8,нет,2105.99,нет,нет,1529.99,нет,нет,нет,нет,нет,нет
26_12-20.mp4,TFURT BOUE,нет,2299.99,нет,нет,нет,нет,нет,нет,нет,red,нет,14014,1575.2,0.0,2895.6,262.5,нет,нет,нет,нет,2299.99,нет,нет,нет,нет,нет,нет
26_12-20.mp4,ВинO BOURGOGNE PINOT NOIR PIERRE NEROL выерж. COpT AOP kp. cyx. (Франция) 0. 75L,3157.99,2299.99,нет,029017028013,-27%,270101701901,08.06.2023 15:34,нет,Сухое,red,Ш,17017,2093.6,491.4,2402.9,793.9,029017028013,3157.99,2999.99,нет,2299.99,нет,нет,нет,нет,нет,нет
26_12-20.mp4,ВиНО ЛЕ СЕЛЬЕЖАН ДАЛИБЕР ВНО Ситепь Peдopn Cyx. (Фраии») 75L,1684.99,1199.99,нет,нет,-28%,нет,01.05.2023 10:45,нет,нет,red,нет,17017,474.1,146.3,687.0,424.0,нет,1684.99,нет,нет,1199.99,нет,нет,нет,нет,нет,нет
26_12-20.mp4,LE CHÁTE IELX NDC,2020.99,2526.99,нет,нет,нет,нет,нет,нет,нет,red,нет,14715,1593.6,1.9,2983.4,215.4,нет,2020.99,нет,нет,2526.99,нет,нет,нет,нет,нет,нет
26_12-20.mp4,нет,нет,нет,нет,нет,нет,нет,нет,нет,нет,red,нет,15065,15.7,1492.8,87.2,1661.3,нет,нет,нет,нет,нет,нет,нет,нет,нет,нет,нет
26_12-20.mp4,BHO CHATEAU LE VIEUХ FORT Бордо Медок Крю Буржуа АОПшыдеря.кр сух.(Франция) 0. 75L,2526.99,2184.99,нет,626017026013,-13%,270101435362,нет,01_25261,Сухое,red,Ш,17017,2130.4,83.3,2439.1,388.7,626017026013,2526.99,2399.99,нет,2184.99,нет,нет,нет,нет,нет,нет
26_12-20.mp4,MMU LA BAUME SAINT. PAUL MOPAO ПаДОКИСР (@)075L CL,751.99,1399.99,нет,нет,-30%,нет,нет,13_043015,Сухое,red,нет,24174,424.9,1517.2,670.0,1785.2,нет,751.99,нет,нет,1399.99,нет,нет,нет,нет,нет,нет
26_12-20.mp4,нет,нет,нет,нет,нет,нет,нет,нет,нет,нет,red,нет,17017,0.6,1493.3,104.0,1658.9,нет,нет,нет,нет,нет,нет,нет,нет,нет,нет,нет
26_12-20.mp4,BO GLGAL,нет,2749.99,нет,нет,нет,нет,нет,нет,нет,red,нет,18118,2044.5,1517.3,2323.0,1760.5,нет,нет,нет,нет,2749.99,нет,нет,нет,нет,нет,нет
26_12-20.mp4,нет,нет,2299.99,нет,нет,нет,нет,05.06.2023 14:35,нет,нет,red,нет,18118,2093.8,844.8,2405.7,1145.7,нет,нет,нет,нет,2299.99,нет,нет,нет,нет,нет,нет
26_12-20.mp4,нет,нет,641.99,нет,нет,нет,нет,нет,нет,нет,red,нет,18118,605.5,1602.2,830.3,1823.8,нет,нет,нет,нет,641.99,нет,нет,нет,нет,нет,нет
26_12-20.mp4,нет,нет,2254.99,нет,нет,нет,нет,нет,нет,нет,red,нет,17618,2017.3,1992.1,2261.5,2160.0,нет,нет,нет,нет,2254.99,нет,нет,нет,нет,нет,нет
26_12-20.mp4,нет,нет,нет,нет,нет,нет,нет,нет,нет,нет,red,нет,18118,472.7,961.7,708.5,1229.9,нет,нет,нет,нет,нет,нет,нет,нет,нет,нет,нет
26_12-20.mp4,B ME C AMSEPB,нет,нет,нет,нет,нет,нет,нет,нет,нет,red,нет,19319,418.2,1211.6,641.3,1488.7,нет,нет,нет,нет,нет,нет,нет,нет,нет,нет,нет
26_12-20.mp4,нет,нет,нет,нет,нет,нет,нет,нет,нет,нет,red,нет,17517,726.3,1978.7,952.2,2157.1,нет,нет,нет,нет,нет,нет,нет,нет,нет,нет,нет
26_12-20.mp4,нет,нет,2039.99,нет,нет,нет,нет,нет,нет,нет,red,нет,18719,403.8,533.1,584.5,770.2,нет,нет,нет,нет,2039.99,нет,нет,нет,нет,нет,нет
26_12-20.mp4,нет,нет,нет,нет,нет,нет,нет,нет,нет,нет,red,нет,18168,6.6,1690.0,161.6,1846.3,нет,нет,нет,нет,нет,нет,нет,нет,нет,нет,нет
26_12-20.mp4,нет,нет,нет,нет,нет,нет,нет,нет,нет,нет,red,нет,18168,74.9,1895.2,240.3,2038.3,нет,нет,нет,нет,нет,нет,нет,нет,нет,нет,нет
26_12-20.mp4,нет,нет,нет,нет,нет,нет,нет,нет,нет,нет,red,нет,17618,154.5,2045.4,318.4,2160.0,нет,нет,нет,нет,нет,нет,нет,нет,нет,нет,нет
26_12-20.mp4,нет,нет,нет,нет,нет,нет,нет,нет,нет,нет,red,нет,18368,2034.1,0.0,2530.5,114.4,нет,нет,нет,нет,нет,нет,нет,нет,нет,нет,нет
26_12-20.mp4,DNO LAURENT CHARDIGNY PINOT NOIR AOP Dourgogne copr op p.cy (Фрамм)0. 75L,2421.99,699.99,нет,нет,-29%,430408013,01.05.2023 14:27,нет,Сухое,red,К,24174,337.4,1084.2,573.5,1367.3,нет,2421.99,нет,нет,699.99,нет,нет,нет,нет,нет,нет
26_12-20.mp4,нет,нет,нет,нет,нет,нет,нет,нет,нет,нет,red,нет,20971,2005.1,2097.7,2300.6,2159.9,нет,нет,нет,нет,нет,нет,нет,нет,нет,нет,нет
26_12-20.mp4,нет,нет,нет,нет,нет,нет,нет,нет,нет,нет,red,нет,19119,639.6,2110.2,890.2,2160.0,нет,нет,нет,нет,нет,нет,нет,нет,нет,нет,нет
26_12-20.mp4,нет,нет,нет,нет,нет,нет,нет,нет,нет,нет,red,нет,19870,372.1,1037.2,583.0,1108.6,нет,нет,нет,нет,нет,нет,нет,нет,нет,нет,нет
26_12-20.mp4,нет,2075.99,799.99,нет,нет,нет,нет,нет,нет,нет,red,нет,20470,0.0,5.3,1007.6,291.5,нет,2075.99,нет,нет,799.99,нет,нет,нет,нет,нет,нет
26_12-20.mp4,BиHо PIERRE PLANTEE ординарное кр. сух. (Франция) 0. 75L,2105.99,1199.99,нет,270101443432,-43%,780045747,нет,нет,Сухое,red,К,24224,2091.9,556.0,2433.6,913.2,270101443432,2105.99,нет,нет,1199.99,нет,нет,нет,нет,нет,нет
26_12-20.mp4,нет,нет,нет,нет,нет,нет,нет,нет,нет,нет,red,нет,20370,369.8,1280.9,637.3,1393.1,нет,нет,нет,нет,нет,нет,нет,нет,нет,нет,нет
26_12-20.mp4,CMATEAL,нет,нет,нет,нет,нет,нет,нет,нет,нет,red,нет,24224,493.0,1814.7,726.8,1962.8,нет,нет,нет,нет,нет,нет,нет,нет,нет,нет,нет
26_12-20.mp4,ВиHо ROBERT CHARTON BОPДО AOP κp.CYx. (Фрамци)0. 75L,1368.99,799.99,нет,256030010244,-41%,260061044,нет,нет,Сухое,red,К,24024,311.1,599.4,529.9,889.5,256030010244,1368.99,нет,нет,799.99,нет,нет,нет,нет,нет,нет
26_12-20.mp4,нет,101.99,25.99,нет,нет,нет,нет,01.05.2023 16:24,нет,нет,red,нет,24174,336.1,0.0,571.5,149.6,нет,101.99,нет,нет,25.99,нет,нет,нет,нет,нет,нет
26_12-20.mp4,"б)юрти, р",20295.99,1653.99,нет,нет,нет,нет,нет,нет,нет,red,нет,24174,2115.9,0.0,2454.9,141.5,нет,20295.99,нет,нет,1653.99,нет,нет,нет,нет,нет,нет
26_12-20.mp4,нет,нет,нет,нет,нет,нет,нет,нет,нет,нет,red,нет,24224,0.4,1808.2,63.6,1996.4,нет,нет,нет,нет,нет,нет,нет,нет,нет,нет,нет
26_12-20.mp4,нет,нет,нет,нет,нет,нет,нет,нет,нет,нет,red,нет,25325,3.2,2066.9,125.0,2160.0,нет,нет,нет,нет,нет,нет,нет,нет,нет,нет,нет
26_12-20.mp4,Вино BANF Brunello Di Montalcino vapov. кр. сух.. (Италия) О. 75L Cyxoe,11568.99,5787.99,нет,600491103135,-49%,2751021440,нет,нет,Сухое,red,Ш,31031,2064.5,1730.2,2402.5,2024.5,600491103135,11568.99,нет,нет,5787.99,нет,нет,нет,нет,нет,нет
26_12-20.mp4,BMNO TENUTA,2894.99,1999.99,нет,нет,-30%,нет,нет,нет,Полусухое,red,Ш,30981,231.1,988.1,467.6,1296.2,нет,2894.99,нет,нет,1999.99,нет,нет,нет,нет,нет,нет
26_12-20.mp4,нет,нет,1899.99,нет,нет,нет,нет,нет,нет,нет,red,нет,27427,1597.5,0.0,3032.5,350.6,нет,нет,нет,нет,1899.99,нет,нет,нет,нет,нет,нет
26_12-20.mp4,A1 TAP Cyxoc,2315.99,1899.99,нет,770102473223,-17%,нет,нет,нет,Сухое,red,нет,31081,2115.7,716.2,2505.5,1100.3,770102473223,2315.99,нет,нет,1899.99,нет,нет,нет,нет,нет,нет
26_12-20.mp4,BHO LE VIGNE DI SAMMARCO NEGROAMARO IGP cya Иranwn) ap.nv 75L,1894.99,1299.99,нет,нет,-31%,нет,нет,нет,нет,red,нет,35335,203.9,656.7,418.3,970.1,нет,1894.99,нет,нет,1299.99,нет,нет,нет,нет,нет,нет
26_12-20.mp4,BиHO PLACIDO Кьянти ординарное сортопое «р. сух. (Италия) 0. 75L,2105.99,1299.99,нет,270102362837,-38%,270102362837,08.05.2024 10:10,21_052077,Сухое,red,К,31081,2139.2,187.6,2520.6,576.0,270102362837,2105.99,нет,нет,1299.99,нет,нет,нет,нет,нет,нет
26_12-20.mp4,нет,нет,1499.99,нет,нет,-28%,нет,нет,нет,нет,red,нет,31982,1626.7,4.4,3065.4,384.5,нет,нет,нет,нет,1499.99,нет,нет,нет,нет,нет,нет
26_12-20.mp4,OSCANO,нет,1199.99,нет,нет,нет,нет,нет,нет,нет,red,нет,32082,0.0,0.0,915.1,259.0,нет,нет,нет,нет,1199.99,нет,нет,нет,нет,нет,нет
26_12-20.mp4,Bино MININI Монтепульчано д Абруццо ДОК кр. сух.(Италия) 0. 75L,2105.99,1499.99,нет,023005028007,-28%,270102075880,21.05.2023 00:00,нет,Сухое,red,К,33684,2154.9,86.4,2542.6,482.7,023005028007,2105.99,нет,нет,1499.99,нет,нет,нет,нет,нет,нет
26_12-20.mp4,Вино РOGСИO TOSCO Pocco Тоскано ИГТсoр (Италин) «р.Cy 75L,1578.99,1199.99,нет,нет,-24%,нет,01.01.2023 15:00,нет,нет,red,нет,38188,188.9,423.4,425.9,740.2,нет,1578.99,нет,нет,1199.99,нет,нет,нет,нет,нет,нет
26_12-20.mp4,нет,нет,нет,нет,нет,нет,нет,нет,нет,нет,red,нет,33684,2018.0,2116.3,2361.6,2160.0,нет,нет,нет,нет,нет,нет,нет,нет,нет,нет,нет
26_12-20.mp4,BмнO LE VIGNEDI SANMARCO NEGROAMAROIGP KD_ n cyx (Mrann)0 PSL,100.99,1299.99,нет,нет,-31%,нет,нет,нет,нет,red,нет,44745,227.9,1399.3,484.3,1711.3,нет,100.99,нет,нет,1299.99,нет,нет,нет,нет,нет,нет
26_12-20.mp4,Ge30pr0,1894.99,13999.99,нет,нет,-26%,нет,нет,нет,Полусухое,red,К,39389,2139.4,0.0,2533.5,155.1,нет,1894.99,нет,нет,13999.99,нет,нет,нет,нет,нет,нет
26_12-20.mp4,нет,нет,нет,нет,нет,нет,нет,нет,нет,нет,red,нет,41842,345.8,2069.6,671.5,2160.0,нет,нет,нет,нет,нет,нет,нет,нет,нет,нет,нет
26_12-20.mp4,BHHO ASTRALE Hеро дАнола сортовое орд.«р. сух.(Итал») 0.75,101.99,1399.99,нет,нет,-20%,нет,01.08.2023 15:08,нет,нет,red,нет,44745,179.4,560.0,405.1,878.2,нет,101.99,нет,нет,1399.99,нет,нет,нет,нет,нет,нет
26_12-20.mp4,ВИНО CUVEE 16<p n cух (Италия) 0. 75L,75.16,1549.99,нет,нет,-26%,нет,нет,нет,нет,red,нет,41842,1596.0,1.5,3115.4,356.2,нет,75.16,нет,нет,1549.99,нет,нет,нет,нет,нет,нет
26_12-20.mp4,Вино CUVEE 16 кр. п/cyx. (Италия) 0. 75L,75.16,1549.99,нет,008863058710,-26%,278102713491,05.08.2023 16:05,нет,нет,red,Ш,44344,2133.3,540.5,2526.9,921.2,008863058710,75.16,нет,нет,1549.99,нет,нет,нет,нет,нет,нет
26_12-20.mp4,нет,нет,нет,нет,нет,нет,нет,нет,нет,нет,red,нет,44795,257.6,0.0,494.9,167.5,нет,нет,нет,нет,нет,нет,нет,нет,нет,нет,нет
26_12-20.mp4,нет,нет,1399.99,нет,нет,нет,нет,нет,нет,нет,red,нет,46146,2111.9,2008.7,2351.9,2160.0,нет,нет,нет,нет,1399.99,нет,нет,нет,нет,нет,нет
26_12-20.mp4,DC ASTNRE,207.99,1399.99,нет,нет,нет,нет,нет,13_043015,нет,red,нет,46997,230.8,1371.9,477.5,1684.2,нет,207.99,нет,нет,1399.99,нет,нет,нет,нет,нет,нет
26_12-20.mp4,нет,318.99,1299.99,нет,нет,нет,нет,нет,нет,нет,red,нет,46146,289.2,1693.5,553.6,1983.7,нет,318.99,нет,нет,1299.99,нет,нет,нет,нет,нет,нет
26_12-20.mp4,B TORREBRUNA 1o0 Coe IGTe 0x.()02,100.99,1499.99,нет,нет,нет,нет,нет,нет,нет,red,К,51952,374.7,1945.5,633.8,2160.0,нет,100.99,нет,нет,1499.99,нет,нет,нет,нет,нет,нет
26_12-20.mp4,нет,нет,549.99,нет,нет,нет,нет,нет,нет,нет,red,нет,46146,2086.5,1096.3,2505.2,1358.1,нет,нет,нет,нет,549.99,нет,нет,нет,нет,нет,нет
26_12-20.mp4,нет,нет,нет,нет,нет,нет,нет,нет,нет,нет,red,нет,48498,310.1,2038.8,685.5,2160.0,нет,нет,нет,нет,нет,нет,нет,нет,нет,нет,нет
26_12-20.mp4,Вино STRANAMENTE ординарное кр. п сух. (Италия) О. 75L,1578.99,1349.99,нет,нет,-14%,нет,01.05.2023 15:37,нет,Полусухое,red,К,52703,217.0,1123.5,451.8,1442.7,нет,1578.99,нет,нет,1349.99,нет,нет,нет,нет,нет,нет
26_12-20.mp4,нет,439.99,899.99,нет,нет,-43%,нет,нет,нет,нет,red,нет,47197,2449.5,765.0,2774.4,1177.9,нет,439.99,нет,нет,899.99,нет,нет,нет,нет,нет,нет
26_12-20.mp4,нет,нет,733.99,нет,нет,нет,нет,нет,нет,нет,red,нет,48148,2183.6,0.0,3059.7,241.9,нет,нет,нет,нет,733.99,нет,нет,нет,нет,нет,нет
26_12-20.mp4,нет,нет,91733.99,нет,нет,нет,нет,нет,нет,нет,red,нет,48448,2431.8,55.6,2820.5,485.5,нет,нет,нет,нет,91733.99,нет,нет,нет,нет,нет,нет
26_12-20.mp4,нет,нет,149.99,нет,нет,нет,нет,нет,нет,нет,red,нет,48899,0.0,0.0,866.6,289.8,нет,нет,нет,нет,149.99,нет,нет,нет,нет,нет,нет
26_12-20.mp4,нет,нет,2243.99,нет,нет,нет,нет,нет,нет,нет,red,нет,49199,2202.8,18.6,3031.9,400.9,нет,нет,нет,нет,2243.99,нет,нет,нет,нет,нет,нет
26_12-20.mp4,"BиHO NOBILOMO Мзрцсминю Эмилин - Ромашья ООС «р. п сл. (Италия) о, 75L",1578.99,1149.99,нет,нет,-27%,702604049,01.05.2023 15:10,нет,Полусладкое,red,нет,52352,190.7,361.4,427.6,681.6,нет,1578.99,нет,нет,1149.99,нет,нет,нет,нет,нет,нет
26_12-20.mp4,нет,нет,нет,нет,нет,-28%,нет,нет,нет,нет,red,нет,52703,2459.0,341.7,2757.0,738.0,нет,нет,нет,нет,нет,нет,нет,нет,нет,нет,нет
26_12-20.mp4,нет,нет,1733.99,нет,нет,нет,нет,нет,нет,нет,red,нет,54004,2327.8,1440.1,2656.9,1794.8,нет,нет,нет,нет,1733.99,нет,нет,нет,нет,нет,нет
26_12-20.mp4,нет,нет,нет,нет,нет,нет,нет,нет,нет,нет,red,нет,53553,468.6,2113.5,663.9,2160.0,нет,нет,нет,нет,нет,нет,нет,нет,нет,нет,нет
26_12-20.mp4,Cyхоe,2105.99,1699.99,нет,нет,-19%,нет,01.05.2023 10:05,нет,Сухое,red,нет,59459,2309.1,1763.3,2591.2,2092.0,нет,2105.99,нет,нет,1699.99,нет,нет,нет,нет,нет,нет
26_12-20.mp4,нет,нет,2243.99,нет,нет,нет,нет,нет,нет,нет,red,нет,54604,2325.0,1359.2,2671.8,1697.4,нет,нет,нет,нет,2243.99,нет,нет,нет,нет,нет,нет
26_12-20.mp4,SELLATA Вино ДркмитивоИГТ Апулия сорт. <р. п суг.(Мтала)0. 75L,1578.99,1399.99,нет,нет,-11%,нет,нет,нет,Полусухое,red,нет,59509,226.4,1361.0,474.8,1687.3,нет,1578.99,нет,нет,1399.99,нет,нет,нет,нет,нет,нет
26_12-20.mp4,BuHo CIELO Sante Риvо Бардолино ордин.«р.сух. (Италия) 0. 75L,нет,1223.99,нет,нет,-35%,нет,01.08.2023 15:34,нет,нет,red,нет,59459,169.6,844.0,384.4,1153.4,нет,нет,нет,нет,1223.99,нет,нет,нет,нет,нет,нет
26_12-20.mp4,нет,нет,нет,нет,нет,нет,нет,нет,нет,нет,red,нет,55706,2270.2,2007.6,2600.9,2160.0,нет,нет,нет,нет,нет,нет,нет,нет,нет,нет,нет
26_12-20.mp4,"Вено CIELO Sante Rve Вальлолячслла орленюр, «р. сух (Италия) 0. 75L",2515.99,1699.99,нет,нет,-32%,нет,нет,нет,Сухое,red,К,59509,2420.6,468.4,2695.4,854.4,нет,2515.99,нет,нет,1699.99,нет,нет,нет,нет,нет,нет
26_12-20.mp4,Вино Каберно Совиньон ординариое кр. г сух. (Италия) 0.751,751.99,1223.99,нет,нет,-35%,нет,нет,нет,нет,red,нет,59509,204.9,29.1,456.0,339.2,нет,751.99,нет,нет,1223.99,нет,нет,нет,нет,нет,нет
26_12-20.mp4,нет,нет,1699.99,нет,нет,нет,нет,нет,нет,нет,red,нет,60660,2342.3,1023.2,2717.1,1421.1,нет,нет,нет,нет,1699.99,нет,нет,нет,нет,нет,нет
26_12-20.mp4,BALDI,2526.99,1999.99,нет,нет,-20%,нет,нет,нет,Сухое,red,К,61411,2137.6,82.4,2979.3,481.7,нет,2526.99,нет,нет,1999.99,нет,нет,нет,нет,нет,нет
26_12-20.mp4,BMNO ROBERTO SAROTTO MOMferat ROS0ПеOНт00C p.Cyx.(Mrans)0. SL,1999.99,1631.99,нет,нет,-18%,нет,нет,нет,Сухое,red,нет,66666,218.3,1473.5,469.8,1776.3,нет,1999.99,нет,нет,1631.99,нет,нет,нет,нет,нет,нет
26_12-20.mp4,SCOBALDI,нет,1599.99,нет,нет,нет,нет,нет,нет,нет,red,Ш,62813,1512.3,6.2,3054.6,379.8,нет,нет,нет,нет,1599.99,нет,нет,нет,нет,нет,нет
26_12-20.mp4,BинO TRESCA Nero d'avola Cорт.кp.сyx. (Италия) 0. 75L,1263.99,899.99,нет,нет,-28%,нет,05.08.2023 12:03,нет,нет,red,нет,66767,145.8,552.8,374.2,853.8,нет,1263.99,нет,нет,899.99,нет,нет,нет,нет,нет,нет
26_12-20.mp4,Вино REMOLE Тоскана кр. сух. (Италия) 0. 75L,1999.99,1599.99,нет,нет,-20%,нет,нет,нет,нет,red,К,66767,2087.0,814.1,2471.3,1209.3,нет,1999.99,нет,нет,1599.99,нет,нет,нет,нет,нет,нет
26_12-20.mp4,"AZZEI Poggio Тоскана 6eорти,",26317.99,1799.99,нет,нет,нет,нет,нет,нет,нет,red,Ш,66767,2098.2,0.0,2486.3,302.0,нет,26317.99,нет,нет,1799.99,нет,нет,нет,нет,нет,нет
26_12-20.mp4,нет,нет,1624.99,нет,нет,нет,нет,01.06.2023 15:30,нет,нет,red,нет,66767,230.1,0.0,463.3,136.3,нет,нет,нет,нет,1624.99,нет,нет,нет,нет,нет,нет
26_12-20.mp4,нет,925.99,6661.99,нет,нет,нет,нет,06.05.2023 10:34,нет,нет,red,нет,66666,2317.0,1906.5,2608.1,2143.4,нет,925.99,нет,нет,6661.99,нет,нет,нет,нет,нет,нет
26_12-20.mp4,нет,3153.99,1999.99,нет,нет,-36%,нет,нет,нет,нет,red,нет,68368,1621.4,0.0,2922.2,329.5,нет,3153.99,нет,нет,1999.99,нет,нет,нет,нет,нет,нет
26_12-20.mp4,нет,нет,1199.99,нет,нет,нет,нет,нет,нет,нет,red,нет,68668,0.0,0.0,801.4,278.8,нет,нет,нет,нет,1199.99,нет,нет,нет,нет,нет,нет
26_12-20.mp4,BинOITALO CESCON Каберне Пиаве ООС DOP сортовое кр сух. (Италия) 0. 75L,3153.99,1999.99,нет,нет,-36%,нет,нет,нет,Сухое,red,Ш,72873,2004.5,1571.0,2367.5,1904.5,нет,3153.99,нет,нет,1999.99,нет,нет,нет,нет,нет,нет
26_12-20.mp4,DHNO SANGRE DE TORO PeCepu Течпранильо сорт. аьл. «р. сух (Испания) 0. 75L,1789.99,1199.99,нет,нет,-32%,нет,17.09.2023 15:09,1709 - 119999,Сухое,red,К,72873,170.9,1066.5,390.6,1381.7,нет,1789.99,нет,нет,1199.99,нет,нет,нет,нет,нет,нет
26_12-20.mp4,CASAD,нет,1784.99,нет,нет,нет,нет,нет,нет,нет,red,нет,69770,1465.4,0.0,3097.0,371.3,нет,нет,нет,нет,1784.99,нет,нет,нет,нет,нет,нет
26_12-20.mp4,нет,нет,1199.99,нет,нет,нет,нет,нет,нет,нет,red,нет,69920,0.0,0.0,827.7,293.0,нет,нет,нет,нет,1199.99,нет,нет,нет,нет,нет,нет
26_12-20.mp4,BMMO CASA DEFFRA Колли Беричи Ризсрва оыд. кр. г сух. (Италия) 0. 751,2526.99,1784.99,нет,нет,-29%,нет,нет,2526 - 2526,Полусухое,red,нет,72873,2042.4,564.2,2426.9,982.4,нет,2526.99,нет,нет,1784.99,нет,нет,нет,нет,нет,нет
26_12-20.mp4,Вино 4 VOLTE Rosso kp. cyx. (Италия) 0. 75L,1673.99,1199.99,нет,нет,-28%,нет,нет,нет,нет,red,К,72873,148.6,361.0,382.4,672.2,нет,1673.99,нет,нет,1199.99,нет,нет,нет,нет,нет,нет
26_12-20.mp4,нет,нет,1530.99,нет,нет,нет,нет,нет,нет,нет,red,нет,73874,0.0,0.0,837.3,311.6,нет,нет,нет,нет,1530.99,нет,нет,нет,нет,нет,нет
26_12-20.mp4,нет,нет,999.99,нет,нет,нет,нет,нет,нет,нет,red,нет,73924,1462.6,0.3,3032.9,351.2,нет,нет,нет,нет,999.99,нет,нет,нет,нет,нет,нет
26_12-20.mp4,UMHOPAVONERD Приытюд MnTypas Cp a cy (T)U 75L,751.99,1530.99,нет,нет,-36%,нет,нет,нет,нет,red,нет,78328,225.4,1525.8,476.9,1840.6,нет,751.99,нет,нет,1530.99,нет,нет,нет,нет,нет,нет
26_12-20.mp4,ВИНO CORTEBAL Кьянти орд сорт. кр. сух. (Италия) 0. 75L,1368.99,999.99,нет,нет,-26%,нет,нет,нет,Сухое,red,К,78278,1978.9,1885.0,2323.3,2160.0,нет,1368.99,нет,нет,999.99,нет,нет,нет,нет,нет,нет
26_12-20.mp4,BO DOMINI VENET Вальл. Класскко Супер Рилассо ла Казетта шыд ер. п сух. (Италия) 0. 75L,5894.99,3494.99,нет,270102133539,-40%,нет,нет,нет,Полусухое,red,нет,78278,2018.3,1189.6,2391.6,1550.7,270102133539,5894.99,нет,нет,3494.99,нет,нет,нет,нет,нет,нет
26_12-20.mp4,BиHO LUMA Cupa Сиципия сорт. ординар.кр. п/сух. (rannn) 0. 75L,751.99,2039.99,нет,нет,-17%,нет,25.05.2015 16:00,нет,нет,red,нет,78278,151.6,825.7,375.5,1133.8,нет,751.99,нет,нет,2039.99,нет,нет,нет,нет,нет,нет
26_12-20.mp4,нет,нет,нет,нет,нет,нет,нет,нет,нет,нет,red,нет,78428,351.3,2086.3,601.6,2160.0,нет,нет,нет,нет,нет,нет,нет,нет,нет,нет,нет
26_12-20.mp4,CLA VESP,нет,1734.99,нет,нет,-31%,нет,нет,нет,нет,red,нет,76576,1519.5,1.9,3008.9,355.8,нет,нет,нет,нет,1734.99,нет,нет,нет,нет,нет,нет
26_12-20.mp4,EO LUCCARELL repupo Пуделе П CODY,2631.99,1699.99,нет,нет,-35%,нет,нет,нет,нет,red,нет,84334,296.8,1835.6,562.2,2106.4,нет,2631.99,нет,нет,1699.99,нет,нет,нет,нет,нет,нет
26_12-20.mp4,Вино VESPUCCI Кьянти Классико Тоскана ординарное кр. сух.(Италия) О. 75L Cyxoe,2526.99,1734.99,нет,270102701130,-31%,62501707809,нет,нет,Сухое,red,Ш,78278,2057.1,114.5,2439.5,488.1,270102701130,2526.99,нет,нет,1734.99,нет,нет,нет,нет,нет,нет
26_12-20.mp4,Mongrana FOACA Querciabella nool,2022.99,2499.99,нет,нет,-32%,нет,01.01.2022 12:34,нет,нет,red,нет,79529,1564.0,0.0,2978.6,316.9,нет,2022.99,нет,нет,2499.99,нет,нет,нет,нет,нет,нет
26_12-20.mp4,нет,нет,1733.99,нет,нет,нет,нет,нет,нет,нет,red,нет,79830,0.0,0.4,839.8,307.1,нет,нет,нет,нет,1733.99,нет,нет,нет,нет,нет,нет
26_12-20.mp4,BиHO MONGRANA DOC TockaHa выдерж. кр. сух (Италия) 0. 75L,3684.99,2499.99,нет,нет,-32%,нет,нет,нет,Сухое,red,Ш,84334,2012.8,1766.2,2378.6,2088.4,нет,3684.99,нет,нет,2499.99,нет,нет,нет,нет,нет,нет
26_12-20.mp4,BMNO CAN TINA DIOMEDE LAMA DI PIETRA НерО Д TрО Пулии сорт. одд. ф. ny.(ram)0.75,2526.99,1733.99,нет,нет,-31%,нет,01.06.2023 15:30,нет,Полусухое,red,нет,84334,188.6,1321.1,443.6,1625.6,нет,2526.99,нет,нет,1733.99,нет,нет,нет,нет,нет,нет
26_12-20.mp4,ВиНO PECCATORE Пеккаторе Дору шы.дорж <р.сух. (Португалия) 0. 75L,11101.99,1223.99,нет,нет,-27%,нет,01.08.2023 16:54,нет,нет,red,нет,84334,177.1,723.6,391.9,1037.3,нет,11101.99,нет,нет,1223.99,нет,нет,нет,нет,нет,нет
26_12-20.mp4,"Вино FAIU Реoриа плерм (Пoρ, Cyxoe",2526.99,3359.99,нет,нет,-27%,нет,нет,нет,Сухое,red,К,84334,2077.0,518.9,2474.1,922.0,нет,2526.99,нет,нет,3359.99,нет,нет,нет,нет,нет,нет
26_12-20.mp4,BиHO PORTAL DEL MONTSANT Сантес кр. сух (Испания) 0. 75L,2631.99,2631.99,нет,нет,-35%,нет,20.01.2023 15:37,нет,нет,red,нет,84334,196.5,178.8,458.2,484.1,нет,2631.99,нет,нет,2631.99,нет,нет,нет,нет,нет,нет
26_12-20.mp4,сух. 75L б1артu р,14736.99,99.99,нет,нет,нет,нет,нет,нет,нет,red,нет,84334,2075.4,0.0,2471.1,176.7,нет,14736.99,нет,нет,99.99,нет,нет,нет,нет,нет,нет
26_12-20.mp4,ух. .75L,151.99,199.99,нет,нет,нет,нет,01.05.2023 15:37,нет,нет,red,нет,84334,243.1,0.0,502.3,165.6,нет,151.99,нет,нет,199.99,нет,нет,нет,нет,нет,нет
26_12-20.mp4,нет,нет,нет,нет,нет,нет,нет,нет,нет,нет,red,нет,87487,288.4,2036.0,696.1,2159.9,нет,нет,нет,нет,нет,нет,нет,нет,нет,нет,нет
26_12-20.mp4,BMHO ROOUETA Эcтасонеc Тавпранитьо орл cop «p cyx (Испанин)0 75L,999.99,785.99,нет,нет,-21%,нет,нет,нет,нет,red,нет,88839,182.1,1014.7,423.5,1317.0,нет,999.99,нет,нет,785.99,нет,нет,нет,нет,нет,нет
26_12-20.mp4,нет,3413.99,2794.99,нет,нет,нет,нет,01.08.2023 18:56,нет,нет,red,К,86186,1632.1,0.0,2854.3,303.2,нет,3413.99,нет,нет,2794.99,нет,нет,нет,нет,нет,нет
26_12-20.mp4,Вино MATSU EI Ресіо выдерж. kp. cyx. (Испания) 0. 75L,3413.99,2794.99,нет,272101448129,-18%,734034319,нет,нет,Сухое,red,Ш,88839,2006.2,1254.3,2381.3,1601.5,272101448129,3413.99,нет,нет,2794.99,нет,нет,нет,нет,нет,нет
26_12-20.mp4,нет,нет,1239.99,нет,нет,нет,нет,нет,нет,нет,red,нет,87788,0.0,2.6,900.2,300.5,нет,нет,нет,нет,1239.99,нет,нет,нет,нет,нет,нет
26_12-20.mp4,BuNO SATIS DEI VDT Кастилья <p.cyx. (Испания) 0. 75L,1789.99,1239.99,нет,нет,-30%,нет,нет,нет,нет,red,нет,88839,226.5,114.0,487.7,412.9,нет,1789.99,нет,нет,1239.99,нет,нет,нет,нет,нет,нет
26_12-20.mp4,нет,210.99,107.99,нет,нет,нет,нет,нет,нет,нет,red,нет,88839,2000.6,0.0,2453.8,127.0,нет,210.99,нет,нет,107.99,нет,нет,нет,нет,нет,нет
26_12-20.mp4,нет,нет,нет,нет,нет,нет,нет,нет,нет,нет,red,нет,88839,244.3,0.0,553.8,77.8,нет,нет,нет,нет,нет,нет,нет,нет,нет,нет,нет
43_15.mp4,Ne PAНOTPAME (PCs,249.99,149.99,нет,нет,-24%,нет,нет,нет,нет,red,нет,14940,371.5,1676.3,529.7,1855.6,нет,249.99,нет,нет,149.99,нет,нет,нет,нет,нет,нет
43_15.mp4,МЁД EMIUM оpeхаu сия) 225r,225.99,244.99,нет,нет,нет,нет,05.08.2023 10:15,нет,нет,red,нет,150,2182.6,0.0,2578.2,134.6,нет,225.99,нет,нет,244.99,нет,нет,нет,нет,нет,нет
43_15.mp4,MGEPECTOOА Ибранное ляпош Баширхан натуралиьй ueT CT1 6(POCCM)500r,973.99,679.99,нет,нет,-30%,нет,нет,нет,нет,red,нет,2005,2278.6,383.6,2496.3,627.1,нет,973.99,нет,нет,679.99,нет,нет,нет,нет,нет,нет
43_15.mp4,Men MACTEP MЕДА РаноцеT нтуральнь (POcCMa) 130,130.99,178.99,нет,нет,-19%,нет,21.05.2023 16:18,нет,нет,red,нет,1855,1134.5,1691.9,1341.8,1896.6,нет,130.99,нет,нет,178.99,нет,нет,нет,нет,нет,нет
43_15.mp4,Мед ЧАСТАЯ ПАСЕКАС ctecna,нет,799.99,нет,нет,-15%,нет,01.01.2023 15:00,нет,нет,red,нет,1955,1104.7,1427.8,1309.7,1648.0,нет,нет,нет,нет,799.99,нет,нет,нет,нет,нет,нет
43_15.mp4,Мед ЧАСТНАЯ ПАСЕКА ФиТнеС Cт/ 6(Pоссия) 2по-цене 1,230.99,319.99,нет,нет,-11%,нет,нет,нет,2 по цене 1 от цены без карты,red,нет,1755,1088.0,950.5,1294.1,1389.1,нет,230.99,нет,нет,319.99,нет,нет,нет,нет,нет,нет
43_15.mp4,Мёд ЧАСТНАЯ ПАСЕКА ГОРНый (Росси) 500г,368.99,305.99,нет,нет,-16%,нет,нет,нет,нет,red,нет,2005,1087.6,705.1,1294.5,922.8,нет,368.99,нет,нет,305.99,нет,нет,нет,нет,нет,нет
43_15.mp4,Мед ЧАСТНАЯ ПАСЕКА Таежный (Россия) 500г,500.99,234.99,нет,нет,-36%,нет,нет,нет,нет,red,нет,1654,1114.5,89.5,1328.8,306.9,нет,500.99,нет,нет,234.99,нет,нет,нет,нет,нет,нет
43_15.mp4,ANECH УГОДА Hey,700.99,305.99,нет,нет,-16%,нет,нет,нет,нет,red,нет,1905,276.5,911.6,424.8,1111.4,нет,700.99,нет,нет,305.99,нет,нет,нет,нет,нет,нет
43_15.mp4,Мед БЕРЕСТОВ А С. Натурал.н горный (Россия) 500r,500.99,469.99,нет,нет,-21%,нет,нет,нет,нет,red,нет,1554,2254.6,1264.0,2468.2,1507.1,нет,500.99,нет,нет,469.99,нет,нет,нет,нет,нет,нет
43_15.mp4,нет,нет,305.99,нет,нет,нет,нет,05.06.2023 10:30,нет,нет,red,нет,2005,286.1,505.4,440.6,708.9,нет,нет,нет,нет,305.99,нет,нет,нет,нет,нет,нет
43_15.mp4,нет,нет,нет,нет,нет,нет,нет,нет,нет,нет,red,нет,2005,3325.0,754.8,3390.3,955.6,нет,нет,нет,нет,нет,нет,нет,нет,нет,нет,нет
43_15.mp4,Мед БЕРЕСТОВ A.C.MaxCoй Мзбраннсе ст 6 (Poc) 500r,нет,514.99,нет,нет,-21%,нет,нет,нет,нет,red,нет,1855,2208.2,1878.4,2415.6,2069.7,нет,нет,нет,нет,514.99,нет,нет,нет,нет,нет,нет
43_15.mp4,нет,нет,нет,нет,нет,нет,нет,нет,нет,нет,red,нет,1855,3279.5,261.0,3382.3,474.0,нет,нет,нет,нет,нет,нет,нет,нет,нет,нет,нет
43_15.mp4,нет,нет,294.99,нет,нет,нет,нет,нет,нет,нет,red,нет,2005,3284.8,1282.1,3350.2,1488.9,нет,нет,нет,нет,294.99,нет,нет,нет,нет,нет,нет
43_15.mp4,нет,нет,316.99,нет,нет,нет,нет,нет,нет,нет,red,нет,1705,3223.3,1655.7,3305.8,1850.9,нет,нет,нет,нет,316.99,нет,нет,нет,нет,нет,нет
43_15.mp4,Умь DESSF,нет,169.99,нет,нет,-15%,нет,нет,нет,нет,red,нет,14940,339.5,1388.1,473.9,1583.6,нет,нет,нет,нет,169.99,нет,нет,нет,нет,нет,нет
43_15.mp4,1aбopΔ PERON ЧCTыd MOт Грnоян 1opac Nenod (Pccs) S0,1004.99,377.99,нет,нет,-14%,нет,нет,нет,нет,red,К,14740,1095.6,1619.1,1291.4,1822.1,нет,1004.99,нет,нет,377.99,нет,нет,нет,нет,нет,нет
43_15.mp4,нет,нет,нет,нет,нет,нет,нет,нет,нет,нет,red,нет,3058,2186.7,2117.9,2348.1,2160.0,нет,нет,нет,нет,нет,нет,нет,нет,нет,нет,нет
43_15.mp4,нет,нет,299.99,нет,нет,нет,нет,нет,нет,нет,red,нет,3610,1991.9,0.0,2698.0,146.1,нет,нет,нет,нет,299.99,нет,нет,нет,нет,нет,нет
43_15.mp4,Med PREMIUM CLUB с орехоши ассорти (Россия) 260r,260.99,299.99,нет,нет,-19%,нет,01.01.2021 12:34,нет,нет,red,нет,14940,2216.1,1367.2,2427.1,1585.2,нет,260.99,нет,нет,299.99,нет,нет,нет,нет,нет,нет
43_15.mp4,нет,нет,299.99,нет,нет,нет,нет,05.06.2023 13:34,нет,нет,red,нет,14790,3210.6,1147.3,3346.8,1348.2,нет,нет,нет,нет,299.99,нет,нет,нет,нет,нет,нет
43_15.mp4,Набор мед-суфле PERONИMедоя серия Фестииал. (Paccm) 90r,174.99,336.99,нет,нет,-13%,нет,нет,13_043015,нет,red,нет,12784,1088.9,1101.9,1291.9,1326.2,нет,174.99,нет,нет,336.99,нет,нет,нет,нет,нет,нет
43_15.mp4,Meд PREMIUM CLUB C фундуком (Россия) 260г,260.99,299.99,нет,нет,-13%,нет,нет,нет,нет,red,нет,14639,2233.4,1131.8,2432.3,1348.8,нет,260.99,нет,нет,299.99,нет,нет,нет,нет,нет,нет
43_15.mp4,нет,нет,нет,нет,нет,нет,нет,нет,нет,нет,red,нет,4362,296.4,9.8,638.3,211.6,нет,нет,нет,нет,нет,нет,нет,нет,нет,нет,нет
43_15.mp4,нет,нет,199.99,нет,нет,нет,нет,нет,нет,нет,red,нет,14138,331.6,931.2,454.4,1118.0,нет,нет,нет,нет,199.99,нет,нет,нет,нет,нет,нет
43_15.mp4,нет,нет,нет,нет,нет,нет,нет,нет,нет,нет,red,нет,4813,5.1,1582.1,102.1,1753.1,нет,нет,нет,нет,нет,нет,нет,нет,нет,нет,нет
43_15.mp4,Конфитор ZUEGG A6рикос экстра (Германия) 320г,320.99,259.99,нет,нет,-25%,нет,нет,нет,нет,red,нет,14890,2253.0,605.8,2460.6,843.2,нет,320.99,нет,нет,259.99,нет,нет,нет,нет,нет,нет
43_15.mp4,Конфитор ZUEGG MHp 3еcтрa (Германия) 330г,330.99,259.99,нет,нет,-25%,нет,нет,21_3427,нет,red,нет,13787,1108.4,553.4,1315.9,772.5,нет,330.99,нет,нет,259.99,нет,нет,нет,нет,нет,нет
43_15.mp4,нет,нет,нет,нет,нет,нет,нет,нет,нет,нет,red,нет,6016,3182.9,1140.0,3320.0,1348.2,нет,нет,нет,нет,нет,нет,нет,нет,нет,нет,нет
43_15.mp4,нет,нет,нет,нет,нет,нет,нет,нет,нет,нет,red,нет,6116,3059.5,2018.5,3154.7,2160.0,нет,нет,нет,нет,нет,нет,нет,нет,нет,нет,нет
43_15.mp4,ADAMCE,нет,259.99,нет,нет,нет,нет,нет,нет,нет,red,нет,6768,1981.3,0.0,2736.0,175.7,нет,нет,нет,нет,259.99,нет,нет,нет,нет,нет,нет
43_15.mp4,FRASOLE,100.99,259.99,нет,нет,нет,нет,нет,нет,нет,red,нет,7019,927.7,28.2,1602.3,236.7,нет,100.99,нет,нет,259.99,нет,нет,нет,нет,нет,нет
43_15.mp4,нет,нет,269.99,нет,нет,-30%,нет,нет,нет,нет,red,нет,14840,3198.2,233.1,3351.0,434.6,нет,нет,нет,нет,269.99,нет,нет,нет,нет,нет,нет
43_15.mp4,Десвртфруктов ZUEGG Anеn-CH зестра (Геризния) 330r,330.99,259.99,нет,нет,-25%,нет,нет,нет,нет,red,нет,14890,2256.4,122.1,2470.1,334.2,нет,330.99,нет,нет,259.99,нет,нет,нет,нет,нет,нет
43_15.mp4,нет,нет,204.99,нет,нет,нет,нет,нет,нет,нет,red,нет,13386,441.1,0.0,589.7,111.5,нет,нет,нет,нет,204.99,нет,нет,нет,нет,нет,нет
43_15.mp4,Конфитюр ZUEGG Клубника эестра (Германя) 320,320.99,259.99,нет,нет,-25%,нет,нет,нет,нет,red,нет,13937,1155.1,83.3,1362.6,286.4,нет,320.99,нет,нет,259.99,нет,нет,нет,нет,нет,нет
43_15.mp4,нет,нет,244.99,нет,нет,нет,нет,нет,нет,нет,red,нет,13586,3164.6,1538.2,3287.0,1733.8,нет,нет,нет,нет,244.99,нет,нет,нет,нет,нет,нет
43_15.mp4,нет,нет,нет,нет,нет,нет,нет,нет,нет,нет,red,нет,14639,3094.1,1948.1,3198.1,2131.5,нет,нет,нет,нет,нет,нет,нет,нет,нет,нет,нет
43_15.mp4,нет,нет,нет,нет,нет,нет,нет,нет,нет,нет,red,нет,11932,57.9,0.0,189.2,154.7,нет,нет,нет,нет,нет,нет,нет,нет,нет,нет,нет
43_15.mp4,нет,нет,нет,нет,нет,нет,нет,нет,нет,нет,red,нет,13637,3162.1,0.0,3285.9,44.9,нет,нет,нет,нет,нет,нет,нет,нет,нет,нет,нет
25_12-20.mp4,BTORO Elanca opon 6en cp. (Aprenma3)1L Cr,247.99,659.99,нет,нет,-21%,нет,нет,нет,нет,red,нет,100,2022.2,1804.0,2233.3,1989.2,нет,247.99,нет,нет,659.99,нет,нет,нет,нет,нет,нет
25_12-20.mp4,Ba GRILLWINE Ct(Pocoa),нет,295.99,нет,нет,-29%,нет,нет,нет,нет,red,К,6361,851.8,1954.9,1039.8,2116.5,нет,нет,нет,нет,295.99,нет,нет,нет,нет,нет,нет
25_12-20.mp4,BMHO TORO Тiлtо орди.<р сух. (Аргенткна 1L,нет,659.99,нет,нет,-21%,нет,01.05.2023 14:37,21_0659,нет,red,нет,250,768.9,1151.0,950.5,1360.6,нет,нет,нет,нет,659.99,нет,нет,нет,нет,нет,нет
25_12-20.mp4,Bo TORO B10o 6en cy (Aprarena) 1L,27.21,659.99,нет,нет,-21%,нет,нет,21_0659,нет,red,нет,100,820.3,1699.0,1014.8,1883.0,нет,27.21,нет,нет,659.99,нет,нет,нет,нет,нет,нет
25_12-20.mp4,нет,нет,599.99,нет,нет,нет,нет,нет,нет,нет,red,нет,6361,54.8,1309.7,166.1,1484.2,нет,нет,нет,нет,599.99,нет,нет,нет,нет,нет,нет
25_12-20.mp4,BMHO GUSTAREI 6en.cyx. (РоCсия) 1L,нет,3010.99,нет,нет,нет,нет,нет,нет,нет,red,нет,200,2060.4,695.3,2289.0,938.6,нет,нет,нет,нет,3010.99,нет,нет,нет,нет,нет,нет
25_12-20.mp4,BDGUSTARE 6en.c. (POCC)1L,нет,234.99,нет,нет,нет,нет,нет,нет,2 по цене 1 от цены без карты,red,нет,351,2054.5,1020.6,2280.0,1454.3,нет,нет,нет,нет,234.99,нет,нет,нет,нет,нет,нет
25_12-20.mp4,Вино КРЫМСКИЙ TAЛИСMN орлинарное беп №/ Cп. (PоCсHя) 1L,421.99,339.99,нет,нет,-19%,нет,нет,нет,нет,red,нет,6361,743.5,1177.6,933.2,1390.1,нет,421.99,нет,нет,339.99,нет,нет,нет,нет,нет,нет
25_12-20.mp4,нет,нет,нет,нет,нет,нет,нет,нет,нет,нет,red,нет,2555,606.0,0.0,1142.5,200.7,нет,нет,нет,нет,нет,нет,нет,нет,нет,нет,нет
25_12-20.mp4,нет,нет,нет,нет,нет,нет,нет,нет,нет,нет,red,нет,2705,32.9,25.3,246.0,202.3,нет,нет,нет,нет,нет,нет,нет,нет,нет,нет,нет
25_12-20.mp4,Вино КУБАНСКАЯ ВОЛЬНИЦА 6Ол. г сп. (Pоссия) 1L 3 по цене Папуслаое,334.99,299.99,нет,нет,-10%,180010102,нет,нет,2 по цене 1 от цены без карты,red,нет,6361,719.3,542.4,918.0,958.4,нет,334.99,нет,нет,299.99,нет,нет,нет,нет,нет,нет
25_12-20.mp4,нет,нет,704.99,нет,нет,нет,нет,нет,нет,нет,red,нет,13073,108.5,1659.5,229.3,1818.8,нет,нет,нет,нет,704.99,нет,нет,нет,нет,нет,нет
25_12-20.mp4,нет,нет,нет,нет,нет,нет,нет,нет,нет,нет,red,нет,3356,883.1,2113.2,1081.8,2160.0,нет,нет,нет,нет,нет,нет,нет,нет,нет,нет,нет
25_12-20.mp4,нет,нет,нет,нет,нет,нет,нет,нет,нет,2 по цене 1 от цены без карты,red,нет,3807,520.2,0.0,1224.3,187.5,нет,нет,нет,нет,нет,нет,нет,нет,нет,нет,нет
25_12-20.mp4,Вино МУКУНДАРИ Ркацители бел. сух. (Pоссия) 1L,421.99,326.99,нет,860301000764,-22%,нет,нет,нет,нет,red,К,6361,2061.8,200.5,2294.5,436.9,860301000764,421.99,нет,нет,326.99,нет,нет,нет,нет,нет,нет
25_12-20.mp4,ино КУБНСКАЯ БОЛЬНИЦА бел cyx.(Poccm)1L,603.99,309.99,нет,нет,-10%,нет,нет,нет,2 по цене 1 от цены без карты,red,нет,13123,756.4,1558.5,992.6,1907.2,нет,603.99,нет,нет,309.99,нет,нет,нет,нет,нет,нет
25_12-20.mp4,Вино крепленое пикорНое ХЕРЕС Ла Ина Фино (Испания) 0. 75L,2421.99,1799.99,нет,нет,-25%,нет,нет,нет,нет,red,нет,12723,687.1,1023.3,889.8,1231.5,нет,2421.99,нет,нет,1799.99,нет,нет,нет,нет,нет,нет
25_12-20.mp4,нет,нет,нет,нет,нет,нет,нет,нет,нет,нет,red,нет,8415,0.0,1.8,287.5,103.1,нет,нет,нет,нет,нет,нет,нет,нет,нет,нет,нет
25_12-20.mp4,нет,нет,939.99,нет,нет,нет,нет,нет,нет,нет,red,нет,13123,0.1,732.0,88.6,906.6,нет,нет,нет,нет,939.99,нет,нет,нет,нет,нет,нет
25_12-20.mp4,нет,нет,2299.99,нет,нет,нет,нет,нет,нет,нет,red,нет,9066,447.7,0.0,1244.9,153.6,нет,нет,нет,нет,2299.99,нет,нет,нет,нет,нет,нет
25_12-20.mp4,"Вно лиерное VINA 25 Xepec ego Xнеес еpепто (Mспан) 0,75L",3368.99,2299.99,нет,нет,-31%,нет,нет,нет,нет,red,нет,12773,685.2,764.4,879.5,983.4,нет,3368.99,нет,нет,2299.99,нет,нет,нет,нет,нет,нет
25_12-20.mp4,"WARES Ктf э Тоюе ора pткое по (Nopryrana) 0,751.",2842.99,19379.99,нет,нет,-31%,702123412,нет,нет,нет,red,Ш,12773,2058.6,673.3,2291.6,918.1,нет,2842.99,нет,нет,19379.99,нет,нет,нет,нет,нет,нет
25_12-20.mp4,нет,нет,нет,нет,нет,нет,нет,нет,нет,нет,red,нет,9868,8.2,0.0,251.3,71.1,нет,нет,нет,нет,нет,нет,нет,нет,нет,нет,нет
25_12-20.mp4,нет,нет,889.99,нет,нет,нет,нет,нет,нет,нет,red,нет,12723,0.1,264.2,126.6,448.2,нет,нет,нет,нет,889.99,нет,нет,нет,нет,нет,нет
25_12-20.mp4,нет,896.99,1733.99,нет,нет,нет,нет,нет,нет,нет,red,нет,10669,452.2,8.5,1211.3,222.3,нет,896.99,нет,нет,1733.99,нет,нет,нет,нет,нет,нет
25_12-20.mp4,Виню кепленое лиерное ХЕРЕС Кандела Криь (Испани»)0.751.,751.99,1733.99,нет,нет,-34%,нет,07.07.2021 15:00,нет,нет,red,нет,12773,699.0,229.6,906.7,453.9,нет,751.99,нет,нет,1733.99,нет,нет,нет,нет,нет,нет
25_12-20.mp4,POATO,нет,1670.99,нет,нет,нет,нет,нет,нет,нет,red,нет,11270,1762.7,0.0,2653.1,117.3,нет,нет,нет,нет,1670.99,нет,нет,нет,нет,нет,нет
25_12-20.mp4,нет,нет,2836.99,нет,нет,нет,нет,нет,нет,нет,red,нет,13073,2090.3,0.0,2325.1,111.9,нет,нет,нет,нет,2836.99,нет,нет,нет,нет,нет,нет
25_12-20.mp4,нет,нет,нет,нет,нет,нет,нет,нет,нет,нет,red,нет,17331,0.0,829.2,68.5,1014.5,нет,нет,нет,нет,нет,нет,нет,нет,нет,нет,нет
25_12-20.mp4,Feepce 1O 1010 Onoeo PCN,1010.99,1999.99,нет,нет,-42%,нет,нет,нет,нет,red,нет,22540,720.3,1806.0,952.6,1995.2,нет,1010.99,нет,нет,1999.99,нет,нет,нет,нет,нет,нет
25_12-20.mp4,нет,нет,2019.99,нет,нет,нет,нет,01.01.2019 12:34,нет,нет,red,нет,15778,1677.4,0.7,2741.3,224.0,нет,нет,нет,нет,2019.99,нет,нет,нет,нет,нет,нет
25_12-20.mp4,BmO BARROS RU B пое (Португ) 0. 75L,17017.07,2019.99,нет,нет,-20%,нет,01.01.2019 12:34,нет,нет,red,нет,22540,2017.3,1884.6,2242.7,2078.9,нет,17017.07,нет,нет,2019.99,нет,нет,нет,нет,нет,нет
25_12-20.mp4,нет,нет,нет,нет,нет,нет,нет,нет,нет,нет,red,нет,16579,0.0,4.7,270.2,189.1,нет,нет,нет,нет,нет,нет,нет,нет,нет,нет,нет
25_12-20.mp4,нет,нет,669.99,нет,нет,нет,нет,нет,нет,нет,red,нет,22440,0.0,1412.2,127.9,1584.1,нет,нет,нет,нет,669.99,нет,нет,нет,нет,нет,нет
25_12-20.mp4,нет,нет,нет,нет,нет,нет,нет,нет,нет,нет,red,нет,22590,0.0,1086.8,68.1,1266.8,нет,нет,нет,нет,нет,нет,нет,нет,нет,нет,нет
25_12-20.mp4,нет,нет,нет,нет,нет,нет,нет,нет,нет,нет,red,нет,16980,2002.5,2108.0,2161.5,2160.0,нет,нет,нет,нет,нет,нет,нет,нет,нет,нет,нет
25_12-20.mp4,POR aw,369.99,1799.99,нет,нет,нет,нет,нет,нет,нет,red,нет,17681,1672.8,1.6,2750.2,210.6,нет,369.99,нет,нет,1799.99,нет,нет,нет,нет,нет,нет
25_12-20.mp4,Оино «реппеное ПнКРНОО ТО ТОТО Ononoco Xepec опленариоа (MCnH)0. 75L,2631.99,1999.99,нет,нет,-24%,нет,нет,нет,нет,red,нет,22540,642.0,839.8,841.7,1075.7,нет,2631.99,нет,нет,1999.99,нет,нет,нет,нет,нет,нет
25_12-20.mp4,Bинo BARROS Tawny еыд. портейн (Португал»я) 0. 75L,2831.99,1799.99,нет,нет,-36%,270081173,нет,нет,нет,red,К,22540,2059.3,1065.3,2306.5,1318.3,нет,2831.99,нет,нет,1799.99,нет,нет,нет,нет,нет,нет
25_12-20.mp4,нет,100.99,1529.99,нет,нет,нет,нет,нет,нет,нет,red,нет,18733,1722.9,0.0,2694.5,208.3,нет,100.99,нет,нет,1529.99,нет,нет,нет,нет,нет,нет
25_12-20.mp4,нет,нет,нет,нет,нет,нет,нет,нет,нет,нет,red,нет,18783,0.0,3.4,269.6,170.6,нет,нет,нет,нет,нет,нет,нет,нет,нет,нет,нет
25_12-20.mp4,Вино «рсапенос пмеерное кWу Кпассяе Кенп Рубн шалодое (Юлр) 0. 75L,2105.99,1529.99,нет,025013225013,-27%,270302733160,21.05.2023 00:00,нет,нет,red,нет,22540,2082.6,646.6,2327.3,907.5,025013225013,2105.99,нет,нет,1529.99,нет,нет,нет,нет,нет,нет
25_12-20.mp4,нет,нет,нет,нет,нет,нет,нет,нет,нет,нет,red,нет,22590,0.0,414.5,77.7,600.9,нет,нет,нет,нет,нет,нет,нет,нет,нет,нет,нет
25_12-20.mp4,нет,нет,1399.99,нет,нет,нет,нет,нет,13_043015,нет,red,нет,19885,377.7,0.0,1228.9,215.3,нет,нет,нет,нет,1399.99,нет,нет,нет,нет,нет,нет
25_12-20.mp4,"(оти) TRES ARCOS 1oNoртo (Пopryrn)0,794 Cnanuoe",754.99,1399.99,нет,нет,-24%,нет,01.05.2023 18:47,нет,нет,red,нет,22540,672.3,125.0,894.7,353.0,нет,754.99,нет,нет,1399.99,нет,нет,нет,нет,нет,нет
25_12-20.mp4,нет,нет,699.99,нет,нет,нет,нет,нет,нет,нет,red,нет,30604,0.4,1305.4,91.4,1495.9,нет,нет,нет,нет,699.99,нет,нет,нет,нет,нет,нет
25_12-20.mp4,ARCTS T be)a X,1999.99,1199.99,нет,нет,-40%,нет,нет,нет,нет,red,К,30554,747.7,1976.9,951.9,2160.0,нет,1999.99,нет,нет,1199.99,нет,нет,нет,нет,нет,нет
25_12-20.mp4,нет,нет,нет,нет,нет,нет,нет,нет,нет,нет,red,нет,23792,0.0,223.5,137.1,394.1,нет,нет,нет,нет,нет,нет,нет,нет,нет,нет,нет
25_12-20.mp4,Виню «реппенок лмесрное ПОТВЕЙИ 1667 Aecep орденар кр (У36етста)0. 75L,1052.99,713.99,нет,нет,-32%,нет,08.05.2023 10:52,нет,нет,red,нет,30554,2016.9,1596.9,2265.2,1819.9,нет,1052.99,нет,нет,713.99,нет,нет,нет,нет,нет,нет
25_12-20.mp4,нет,нет,нет,нет,нет,нет,нет,нет,нет,нет,red,нет,24343,0.0,13.4,291.7,188.3,нет,нет,нет,нет,нет,нет,нет,нет,нет,нет,нет
25_12-20.mp4,нет,нет,нет,нет,нет,нет,нет,нет,нет,нет,red,нет,24293,1929.9,5.3,2496.0,466.5,нет,нет,нет,нет,нет,нет,нет,нет,нет,нет,нет
25_12-20.mp4,нет,нет,нет,нет,нет,нет,нет,нет,нет,нет,red,нет,24544,1947.5,93.6,2471.8,578.6,нет,нет,нет,нет,нет,нет,нет,нет,нет,нет,нет
25_12-20.mp4,нет,нет,1399.99,нет,нет,нет,нет,01.05.2023 18:39,нет,нет,red,нет,24744,392.8,0.0,1221.4,180.8,нет,нет,нет,нет,1399.99,нет,нет,нет,нет,нет,нет
25_12-20.mp4,Вино «репленое ликерное ХЕРЕС Кандела Крии (Mсaн,нет,21.99,нет,нет,нет,нет,нет,нет,нет,red,нет,30554,2014.0,1933.5,2243.2,2155.8,нет,нет,нет,нет,21.99,нет,нет,нет,нет,нет,нет
25_12-20.mp4,нет,нет,нет,нет,нет,нет,нет,нет,нет,нет,red,нет,24894,1689.9,0.0,2696.3,153.1,нет,нет,нет,нет,нет,нет,нет,нет,нет,нет,нет
25_12-20.mp4,нет,нет,нет,нет,нет,нет,нет,нет,нет,нет,red,нет,24844,2026.6,302.8,2387.7,752.2,нет,нет,нет,нет,нет,нет,нет,нет,нет,нет,нет
25_12-20.mp4,Вано «репленое (nopme) TRES ACOS PY6 Nepm (1epryr3n) 0.754 Cnaдкoе,754.99,1399.99,нет,нет,-30%,нет,нет,нет,Сладкое,red,нет,30454,675.2,1552.4,895.9,1762.5,нет,754.99,нет,нет,1399.99,нет,нет,нет,нет,нет,нет
25_12-20.mp4,нет,нет,нет,нет,нет,нет,нет,нет,нет,нет,red,нет,25345,0.0,8.4,314.3,182.9,нет,нет,нет,нет,нет,нет,нет,нет,нет,нет,нет
25_12-20.mp4,нет,нет,нет,нет,нет,нет,нет,нет,нет,нет,red,нет,25195,2000.6,458.0,2383.8,924.6,нет,нет,нет,нет,нет,нет,нет,нет,нет,нет,нет
25_12-20.mp4,рα-о 1EPEC,нет,нет,нет,нет,нет,нет,нет,нет,нет,red,нет,25495,1996.8,599.3,2367.5,1055.1,нет,нет,нет,нет,нет,нет,нет,нет,нет,нет,нет
25_12-20.mp4,нет,нет,нет,нет,нет,нет,нет,нет,нет,нет,red,нет,30554,0.0,973.1,59.0,1158.4,нет,нет,нет,нет,нет,нет,нет,нет,нет,нет,нет
25_12-20.mp4,нет,нет,нет,нет,нет,нет,нет,нет,нет,нет,red,нет,26046,400.8,1.6,1212.4,203.3,нет,нет,нет,нет,нет,нет,нет,нет,нет,нет,нет
25_12-20.mp4,нет,нет,нет,нет,нет,нет,нет,нет,нет,нет,red,нет,26297,1977.6,1056.6,2367.9,1550.4,нет,нет,нет,нет,нет,нет,нет,нет,нет,нет,нет
25_12-20.mp4,нет,нет,399.99,нет,нет,нет,нет,нет,нет,нет,red,нет,26046,1883.0,0.0,2502.3,117.2,нет,нет,нет,нет,399.99,нет,нет,нет,нет,нет,нет
25_12-20.mp4,Вино грепленоо лиеРиСе ПОРТВЕЙН 1807 Десерт. оpуюар.беп. (Y36eкcт)0 75L Новинка,474.99,713.99,нет,нет,-24%,нет,04.05.2023 10:34,21_0713,нет,red,К,30554,649.7,798.9,858.6,1249.8,нет,474.99,нет,нет,713.99,нет,нет,нет,нет,нет,нет
25_12-20.mp4,ВюжСОПНЕЧНАЯ ДОЛА Крет. пем Черя Паласан Крыи ЗГУ РокЕ. 4p «р.(Рхоя) О. 73L,2105.99,1399.99,нет,270302434472,-33%,1015906913,01.05.2023 10:05,21053 - 21053,нет,red,нет,30504,2054.9,1031.7,2306.1,1289.9,270302434472,2105.99,нет,нет,1399.99,нет,нет,нет,нет,нет,нет
25_12-20.mp4,нет,312.99,699.99,нет,нет,нет,нет,нет,нет,нет,red,нет,30554,38.7,1667.6,153.6,1842.4,нет,312.99,нет,нет,699.99,нет,нет,нет,нет,нет,нет
25_12-20.mp4,нет,нет,нет,нет,нет,нет,нет,нет,нет,нет,red,нет,26497,2038.7,1358.9,2290.5,1647.0,нет,нет,нет,нет,нет,нет,нет,нет,нет,нет,нет
25_12-20.mp4,ВИНО СОЛНЕЧНАЯ ДОЛИНА Креп. лекср. Крым ЗГУ Рсссийское выдерж бсл. (Россия) 0. 75L,1894.99,1299.99,нет,270202818570,-31%,025012221011,нет,нет,нет,red,К,30554,2092.0,442.3,2343.6,700.5,270202818570,1894.99,нет,нет,1299.99,нет,нет,нет,нет,нет,нет
25_12-20.mp4,6arо kpenне пикернов XEPEС Кэноета Кра,нет,нет,нет,нет,нет,нет,нет,нет,нет,red,К,27699,1940.5,1639.2,2333.4,2064.8,нет,нет,нет,нет,нет,нет,нет,нет,нет,нет,нет
25_12-20.mp4,нет,нет,649.99,нет,нет,нет,нет,нет,нет,нет,red,нет,38869,89.4,1684.2,218.6,1872.3,нет,нет,нет,нет,649.99,нет,нет,нет,нет,нет,нет
25_12-20.mp4,Выно ПАСХАЛЬНЫЙ 1Φn (Pocc)0.7L,нет,299.99,нет,нет,-28%,нет,нет,нет,нет,red,нет,38919,781.1,1960.5,988.5,2143.2,нет,нет,нет,нет,299.99,нет,нет,нет,нет,нет,нет
25_12-20.mp4,нет,нет,нет,нет,нет,нет,нет,нет,нет,нет,red,нет,30554,135.3,2015.5,243.6,2122.9,нет,нет,нет,нет,нет,нет,нет,нет,нет,нет,нет
25_12-20.mp4,MRAOLD EESVE,нет,1399.99,нет,нет,нет,нет,нет,нет,нет,red,нет,32307,1750.3,0.0,2655.3,218.9,нет,нет,нет,нет,1399.99,нет,нет,нет,нет,нет,нет
25_12-20.mp4,ССЛНеААЯ ерепрен ДОПИНЛКО Ккссое 3ГУ1рые 4.(Poc4)0.72,1368.99,899.99,нет,нет,-34%,нет,08.05.2023 10:15,13_043015,нет,red,нет,38919,716.3,1400.5,930.9,1608.4,нет,1368.99,нет,нет,899.99,нет,нет,нет,нет,нет,нет
25_12-20.mp4,"nРАГПАУ Пертвей Резра Biдep,p. (Asepn) 0. 75L",1684.99,1399.99,нет,нет,-16%,нет,нет,нет,нет,red,К,38919,2019.1,1674.3,2238.8,1880.0,нет,1684.99,нет,нет,1399.99,нет,нет,нет,нет,нет,нет
25_12-20.mp4,нет,нет,3198.99,нет,нет,нет,нет,нет,нет,нет,red,нет,35062,1995.5,2090.1,2234.7,2160.0,нет,нет,нет,нет,3198.99,нет,нет,нет,нет,нет,нет
25_12-20.mp4,Вино «рсплснсе пикерноеАГПАМ Портсй»Резери оыдержбел (Азербайдон) 0.751,1684.99,1399.99,нет,нет,-16%,170301754,нет,нет,нет,red,нет,38919,2050.0,981.3,2280.1,1220.9,нет,1684.99,нет,нет,1399.99,нет,нет,нет,нет,нет,нет
25_12-20.mp4,нет,237.99,799.99,нет,нет,-23%,нет,нет,нет,нет,red,нет,43026,31.2,983.6,142.2,1152.2,нет,237.99,нет,нет,799.99,нет,нет,нет,нет,нет,нет
25_12-20.mp4,AneprtuD SIBSA Саджу со диусом грсйпфруто алк. (PоCCM) 0.J75L,303.99,219.99,нет,200505113073,-27%,нет,нет,нет,нет,red,нет,43277,2068.1,772.7,2309.2,1019.2,200505113073,303.99,нет,нет,219.99,нет,нет,нет,нет,нет,нет
25_12-20.mp4,нет,нет,949.99,нет,нет,нет,нет,нет,нет,нет,red,нет,35613,442.5,16.3,1328.7,217.4,нет,нет,нет,нет,949.99,нет,нет,нет,нет,нет,нет
25_12-20.mp4,1РЛЯНСИСУ Доле Дона реалеж 6AERC (foe),1473.99,949.99,нет,нет,-35%,111101109,14.07.2022 15:00,нет,нет,red,нет,43277,718.3,639.4,941.4,864.3,нет,1473.99,нет,нет,949.99,нет,нет,нет,нет,нет,нет
25_12-20.mp4,нет,нет,399.99,нет,нет,нет,нет,нет,3699000 - 000000,нет,red,нет,43177,100.0,165.5,246.8,343.6,нет,нет,нет,нет,399.99,нет,нет,нет,нет,нет,нет
25_12-20.mp4,AaeSAS паусоы слиы зла 14%(Po)0. J751,315.99,219.99,нет,нет,-30%,нет,нет,нет,нет,red,нет,43077,2095.4,74.5,2320.3,291.8,нет,315.99,нет,нет,219.99,нет,нет,нет,нет,нет,нет
25_12-20.mp4,нет,нет,нет,нет,нет,нет,нет,нет,нет,нет,red,нет,40021,151.4,0.0,315.2,132.3,нет,нет,нет,нет,нет,нет,нет,нет,нет,нет,нет
25_12-20.mp4,нет,нет,359.99,нет,нет,нет,нет,нет,нет,нет,red,нет,43177,155.7,0.0,294.2,160.6,нет,нет,нет,нет,359.99,нет,нет,нет,нет,нет,нет
26_12-20.mp4,"Бо ТЬЕРРА НАТАЛЬКЭС C. АCDΦ.CT2 (Mеа)а, тя",1057.99,699.99,нет,нет,-33%,669999999,05.07.2021 10:57,нет,нет,red,нет,350,1967.9,1413.5,2202.5,1648.0,нет,1057.99,нет,нет,699.99,нет,нет,нет,нет,нет,нет
26_12-20.mp4,BrнD HГO P»бер деть-Дуро срд С2 (M)0. 75L,6315.99,2144.99,нет,нет,-66%,нет,01.05.2023 10:15,нет,нет,red,нет,1249,1972.2,1224.3,2205.6,1451.5,нет,6315.99,нет,нет,2144.99,нет,нет,нет,нет,нет,нет
26_12-20.mp4,DI NALAMIGO 2m.Pebem,1272.99,1199.99,нет,нет,нет,нет,01.05.2023 14:52,нет,нет,red,нет,1249,674.5,1081.6,862.6,1296.2,нет,1272.99,нет,нет,1199.99,нет,нет,нет,нет,нет,нет
26_12-20.mp4,CMD PARAIES DEL VALLE U 3rXyио 12.Cp.(Mc2xs)0 75L Cyxoe,2105.99,1699.99,нет,нет,-19%,нет,01.05.2023 12:05,нет,Сухое,red,нет,7347,1978.1,1893.6,2192.7,2076.9,нет,2105.99,нет,нет,1699.99,нет,нет,нет,нет,нет,нет
26_12-20.mp4,нет,нет,нет,нет,нет,нет,нет,нет,нет,нет,red,нет,50,0.0,1235.6,107.0,1410.0,нет,нет,нет,нет,нет,нет,нет,нет,нет,нет,нет
26_12-20.mp4,нет,нет,662.99,нет,нет,нет,нет,нет,нет,нет,red,нет,7347,167.2,1943.1,306.9,2097.2,нет,нет,нет,нет,662.99,нет,нет,нет,нет,нет,нет
26_12-20.mp4,EenPACOD,2092.99,1339.99,нет,нет,-20%,нет,01.05.2023 15:24,нет,нет,red,нет,50,1924.8,1810.4,2141.7,2007.4,нет,2092.99,нет,нет,1339.99,нет,нет,нет,нет,нет,нет
26_12-20.mp4,нет,нет,819.99,нет,нет,нет,нет,нет,нет,нет,red,нет,750,58.7,1653.7,185.8,1819.0,нет,нет,нет,нет,819.99,нет,нет,нет,нет,нет,нет
26_12-20.mp4,YR cy (Topr,нет,819.99,нет,нет,нет,нет,06.05.2023 10:15,нет,нет,red,нет,50,703.6,1535.6,894.2,1736.5,нет,нет,нет,нет,819.99,нет,нет,нет,нет,нет,нет
26_12-20.mp4,DD LAYA P1V OCP AmA 0 c7(,469.99,1399.99,нет,нет,-46%,нет,нет,13_043015,нет,red,нет,1249,696.7,1344.0,878.7,1553.2,нет,469.99,нет,нет,1399.99,нет,нет,нет,нет,нет,нет
26_12-20.mp4,ll-1DWOY1A M7010 CeWoCaeT copt ep C ()075 3 по цене,100.99,899.99,нет,нет,-34%,нет,08.05.2023 10:35,нет,2 по цене 1 от цены без карты,red,нет,7347,729.8,1554.7,949.2,1928.9,нет,100.99,нет,нет,899.99,нет,нет,нет,нет,нет,нет
26_12-20.mp4,нет,нет,1299.99,нет,нет,-27%,нет,нет,нет,нет,red,нет,300,760.5,1985.6,956.3,2160.0,нет,нет,нет,нет,1299.99,нет,нет,нет,нет,нет,нет
26_12-20.mp4,нет,нет,нет,нет,нет,нет,нет,нет,нет,нет,red,нет,50,798.5,2063.1,972.6,2160.0,нет,нет,нет,нет,нет,нет,нет,нет,нет,нет,нет
26_12-20.mp4,нет,нет,нет,нет,нет,нет,нет,нет,нет,нет,red,нет,800,135.1,1939.2,268.7,2081.5,нет,нет,нет,нет,нет,нет,нет,нет,нет,нет,нет
26_12-20.mp4,нет,нет,нет,нет,нет,нет,нет,нет,нет,нет,red,нет,50,181.7,2074.9,304.8,2160.0,нет,нет,нет,нет,нет,нет,нет,нет,нет,нет,нет
26_12-20.mp4,нет,нет,нет,нет,нет,нет,нет,нет,нет,нет,red,нет,7347,31.7,1286.8,130.4,1459.3,нет,нет,нет,нет,нет,нет,нет,нет,нет,нет,нет
26_12-20.mp4,нет,нет,нет,нет,нет,нет,нет,нет,нет,нет,red,нет,800,5.6,1255.2,109.0,1447.3,нет,нет,нет,нет,нет,нет,нет,нет,нет,нет,нет
26_12-20.mp4,нет,нет,нет,нет,нет,нет,нет,нет,нет,нет,red,нет,7297,76.6,1543.5,217.8,1842.5,нет,нет,нет,нет,нет,нет,нет,нет,нет,нет,нет
26_12-20.mp4,нет,нет,1499.99,нет,нет,нет,нет,нет,нет,нет,red,нет,1100,1651.5,0.0,2629.2,221.6,нет,нет,нет,нет,1499.99,нет,нет,нет,нет,нет,нет
26_12-20.mp4,нет,нет,949.99,нет,нет,нет,нет,нет,нет,нет,red,нет,2099,651.1,297.7,952.0,512.4,нет,нет,нет,нет,949.99,нет,нет,нет,нет,нет,нет
26_12-20.mp4,нет,нет,нет,нет,нет,нет,нет,нет,нет,нет,red,нет,1100,1929.9,2122.9,2144.3,2160.0,нет,нет,нет,нет,нет,нет,нет,нет,нет,нет,нет
26_12-20.mp4,BмO DON DATSTO Крызд сорт. выд Рибера деть Дэро 00p. cy. (Mcm 0. 75L,75.00,1499.99,нет,нет,-28%,нет,01.05.2023 10:51,нет,Сухое,red,нет,7147,2004.4,1477.9,2234.3,1699.7,нет,75.00,нет,нет,1499.99,нет,нет,нет,нет,нет,нет
26_12-20.mp4,CASTLLOSAM AИH Сyoe,нет,949.99,нет,нет,-24%,нет,05.06.2023 14:34,нет,нет,red,нет,7347,708.0,1300.1,894.0,1509.3,нет,нет,нет,нет,949.99,нет,нет,нет,нет,нет,нет
26_12-20.mp4,нет,нет,нет,нет,нет,нет,нет,01.08.2019 15:00,нет,нет,red,нет,7197,1.4,845.8,104.3,1031.5,нет,нет,нет,нет,нет,нет,нет,нет,нет,нет,нет
26_12-20.mp4,BmO DOOEGAS ESTEBAH MARTIN HCna19),1263.99,899.99,нет,нет,-28%,нет,01.01.2023 10:52,01_1253,Сухое,red,К,7347,698.5,946.5,890.4,1163.1,нет,1263.99,нет,нет,899.99,нет,нет,нет,нет,нет,нет
26_12-20.mp4,нет,нет,нет,нет,нет,нет,нет,нет,нет,нет,red,нет,2249,1690.2,0.0,2576.8,175.7,нет,нет,нет,нет,нет,нет,нет,нет,нет,нет,нет
26_12-20.mp4,Вино PROXIMO Проксимо кр. сух. (Испання) 0. 75L,2378.99,1599.99,нет,270103137077,-32%,нет,нет,нет,Сухое,red,нет,7197,2022.5,950.9,2253.1,1195.7,270103137077,2378.99,нет,нет,1599.99,нет,нет,нет,нет,нет,нет
26_12-20.mp4,нет,нет,нет,нет,нет,нет,нет,нет,нет,нет,red,нет,3349,0.0,13.8,308.6,180.8,нет,нет,нет,нет,нет,нет,нет,нет,нет,нет,нет
26_12-20.mp4,нет,нет,662.99,нет,нет,нет,нет,нет,нет,нет,red,нет,3449,477.3,1.6,1222.1,194.0,нет,нет,нет,нет,662.99,нет,нет,нет,нет,нет,нет
26_12-20.mp4,нет,нет,1459.99,нет,нет,нет,нет,05.06.2023 18:15,нет,нет,red,нет,3748,1769.7,0.0,2510.0,195.2,нет,нет,нет,нет,1459.99,нет,нет,нет,нет,нет,нет
26_12-20.mp4,нет,нет,699.99,нет,нет,нет,нет,нет,нет,нет,red,нет,9296,6.9,905.4,115.0,1072.2,нет,нет,нет,нет,699.99,нет,нет,нет,нет,нет,нет
26_12-20.mp4,e ENCONTAS DO BARRO,1578.99,799.99,нет,нет,-49%,нет,06.05.2023 10:24,нет,нет,red,К,7197,710.5,477.2,901.1,691.7,нет,1578.99,нет,нет,799.99,нет,нет,нет,нет,нет,нет
26_12-20.mp4,BHHO HENINGER Цвайгельт кр. сух.(Аострия) о. 75L,1789.99,1459.99,нет,нет,-18%,нет,нет,нет,нет,red,нет,7347,2042.0,365.2,2261.0,609.3,нет,1789.99,нет,нет,1459.99,нет,нет,нет,нет,нет,нет
26_12-20.mp4,нет,нет,609.99,нет,нет,нет,нет,нет,нет,нет,red,нет,15744,159.6,1772.7,273.7,1934.3,нет,нет,нет,нет,609.99,нет,нет,нет,нет,нет,нет
26_12-20.mp4,beebe9p,2012.99,749.99,нет,нет,-20%,нет,нет,нет,нет,red,Ш,7397,756.5,0.0,976.3,182.8,нет,2012.99,нет,нет,749.99,нет,нет,нет,нет,нет,нет
26_12-20.mp4,ELY онуар p.cyx )0. 75L,2631.99,39.99,нет,нет,нет,нет,нет,нет,нет,red,нет,7297,2048.5,0.0,2274.3,138.9,нет,2631.99,нет,нет,39.99,нет,нет,нет,нет,нет,нет
26_12-20.mp4,нет,нет,нет,нет,нет,нет,нет,нет,нет,нет,red,нет,7647,73.7,1560.1,188.8,1746.3,нет,нет,нет,нет,нет,нет,нет,нет,нет,нет,нет
26_12-20.mp4,нет,нет,нет,нет,нет,нет,нет,нет,нет,нет,red,нет,8497,1972.0,2122.9,2143.8,2160.0,нет,нет,нет,нет,нет,нет,нет,нет,нет,нет,нет
26_12-20.mp4,нет,нет,нет,нет,нет,нет,нет,нет,нет,нет,red,нет,15744,89.5,1438.4,198.9,1599.3,нет,нет,нет,нет,нет,нет,нет,нет,нет,нет,нет
26_12-20.mp4,нет,нет,789.99,нет,нет,нет,нет,нет,нет,нет,red,нет,8996,429.1,1.6,1332.3,150.0,нет,нет,нет,нет,789.99,нет,нет,нет,нет,нет,нет
26_12-20.mp4,нет,нет,1199.99,нет,нет,нет,нет,нет,нет,нет,red,нет,8996,1752.0,0.0,2544.4,172.4,нет,нет,нет,нет,1199.99,нет,нет,нет,нет,нет,нет
26_12-20.mp4,нет,311.99,789.99,нет,нет,-11%,нет,11.05.2023 16:00,13_043015,нет,red,нет,15594,795.3,1747.6,976.8,1927.5,нет,311.99,нет,нет,789.99,нет,нет,нет,нет,нет,нет
26_12-20.mp4,нет,нет,11999.99,нет,нет,-32%,нет,нет,нет,нет,red,нет,15694,1954.2,1917.8,2153.5,2090.2,нет,нет,нет,нет,11999.99,нет,нет,нет,нет,нет,нет
26_12-20.mp4,нет,нет,нет,нет,нет,нет,нет,нет,нет,нет,red,нет,9446,1989.2,2113.9,2149.3,2160.0,нет,нет,нет,нет,нет,нет,нет,нет,нет,нет,нет
26_12-20.mp4,нет,нет,нет,нет,нет,нет,нет,нет,нет,нет,red,нет,9846,84.6,0.0,298.2,79.9,нет,нет,нет,нет,нет,нет,нет,нет,нет,нет,нет
26_12-20.mp4,OHAOSOHRTELO Ausiru Zeehe CETO04MA (ACTP)1L Cpo,2315.99,1699.99,нет,нет,-26%,нет,01.05.2023 10:15,нет,нет,red,нет,15594,757.9,1325.4,939.7,1525.5,нет,2315.99,нет,нет,1699.99,нет,нет,нет,нет,нет,нет
26_12-20.mp4,нет,нет,нет,нет,нет,нет,нет,нет,нет,нет,red,нет,15744,50.0,1056.3,161.2,1227.4,нет,нет,нет,нет,нет,нет,нет,нет,нет,нет,нет
26_12-20.mp4,нет,нет,999.99,нет,нет,нет,нет,нет,нет,нет,red,нет,10446,1780.1,0.0,2543.2,103.5,нет,нет,нет,нет,999.99,нет,нет,нет,нет,нет,нет
26_12-20.mp4,нет,нет,нет,нет,нет,нет,нет,нет,нет,нет,red,нет,10496,94.2,0.8,306.3,73.0,нет,нет,нет,нет,нет,нет,нет,нет,нет,нет,нет
26_12-20.mp4,BиHO LONG BARN . Зинфандель кр. n CYx (CWA) 0. 75L,2736.99,1999.99,нет,нет,-26%,274141253,нет,нет,Полусухое,red,нет,15694,1984.1,1294.0,2196.1,1509.5,нет,2736.99,нет,нет,1999.99,нет,нет,нет,нет,нет,нет
26_12-20.mp4,нет,нет,нет,нет,нет,нет,нет,нет,нет,нет,red,нет,15744,49.6,851.9,157.5,1025.0,нет,нет,нет,нет,нет,нет,нет,нет,нет,нет,нет
26_12-20.mp4,AAS Ue 2 по цене Cyzon,834.99,749.99,нет,нет,-10%,нет,нет,нет,2 по цене 1 от цены без карты,red,нет,15644,768.6,796.1,973.8,1187.7,нет,834.99,нет,нет,749.99,нет,нет,нет,нет,нет,нет
26_12-20.mp4,нет,нет,нет,нет,нет,нет,нет,нет,нет,нет,red,нет,11095,832.0,2105.4,972.4,2160.0,нет,нет,нет,нет,нет,нет,нет,нет,нет,нет,нет
26_12-20.mp4,нет,нет,1499.99,нет,нет,нет,нет,нет,нет,нет,red,нет,11845,1727.8,2.4,2616.8,180.4,нет,нет,нет,нет,1499.99,нет,нет,нет,нет,нет,нет
26_12-20.mp4,нет,нет,нет,нет,нет,нет,нет,нет,нет,нет,red,нет,11745,146.9,0.0,270.1,40.2,нет,нет,нет,нет,нет,нет,нет,нет,нет,нет,нет
26_12-20.mp4,BиHO NUBE Зинфандель сорт.Т opд kp. n/ cyx. (ES)/(CWA)0. 75L,1894.99,1499.99,нет,нет,-20%,нет,15.08.2023 16:54,нет,нет,red,нет,15594,2007.7,814.9,2235.6,1039.6,нет,1894.99,нет,нет,1499.99,нет,нет,нет,нет,нет,нет
26_12-20.mp4,нет,нет,нет,нет,нет,нет,нет,нет,нет,нет,red,нет,13944,43.4,431.8,192.1,597.3,нет,нет,нет,нет,нет,нет,нет,нет,нет,нет,нет
26_12-20.mp4,В»ПНСA ANOUNOS MID COET сy.(Aptnieo)0 75L,1578.99,999.99,нет,нет,-36%,нет,01.05.2023 15:23,нет,Сухое,red,нет,15694,2026.9,215.6,2268.6,427.4,нет,1578.99,нет,нет,999.99,нет,нет,нет,нет,нет,нет
26_12-20.mp4,нет,нет,нет,нет,нет,нет,нет,нет,нет,нет,red,нет,13395,95.0,0.0,329.0,74.3,нет,нет,нет,нет,нет,нет,нет,нет,нет,нет,нет
26_12-20.mp4,нет,нет,989.99,нет,нет,нет,нет,нет,нет,нет,red,нет,17743,61.0,549.7,186.7,714.8,нет,нет,нет,нет,989.99,нет,нет,нет,нет,нет,нет
26_12-20.mp4,нет,нет,917.99,нет,нет,нет,нет,нет,нет,нет,red,нет,22991,815.3,1547.3,982.4,1739.2,нет,нет,нет,нет,917.99,нет,нет,нет,нет,нет,нет
26_12-20.mp4,нет,нет,нет,нет,нет,нет,нет,нет,нет,нет,red,нет,15744,851.3,2130.7,1060.2,2160.0,нет,нет,нет,нет,нет,нет,нет,нет,нет,нет,нет
26_12-20.mp4,нет,нет,1299.99,нет,нет,нет,нет,нет,нет,нет,red,нет,15744,45.0,471.2,180.6,639.1,нет,нет,нет,нет,1299.99,нет,нет,нет,нет,нет,нет
26_12-20.mp4,FRANC,нет,999.99,нет,нет,нет,нет,нет,нет,нет,red,нет,17293,1745.7,3.7,2523.2,197.9,нет,нет,нет,нет,999.99,нет,нет,нет,нет,нет,нет
26_12-20.mp4,"QмнDFINCA ANDIHOS Cabemet Гралс сраинарое COPT. Kp. Cy. (Аргетин) 0,75L",1578.99,999.99,нет,нет,-36%,279413202,05.08.2023 16:57,нет,Сухое,red,нет,22891,1966.5,1362.2,2164.1,1565.1,нет,1578.99,нет,нет,999.99,нет,нет,нет,нет,нет,нет
26_12-20.mp4,нет,нет,999.99,нет,нет,нет,нет,нет,нет,нет,red,нет,23041,75.7,797.0,207.8,949.2,нет,нет,нет,нет,999.99,нет,нет,нет,нет,нет,нет
26_12-20.mp4,нет,нет,949.99,нет,нет,нет,нет,нет,нет,нет,red,нет,23041,793.5,817.0,948.4,1014.3,нет,нет,нет,нет,949.99,нет,нет,нет,нет,нет,нет
26_12-20.mp4,H4ESEC,нет,1224.99,нет,нет,нет,нет,нет,нет,нет,red,нет,18542,1795.8,0.0,2429.8,102.3,нет,нет,нет,нет,1224.99,нет,нет,нет,нет,нет,нет
26_12-20.mp4,BMHO TRAPICHE Мальбек №.лоса opn. кp. cyx (Ap) 0. 75L,1515.99,1224.99,нет,нет,-19%,нет,15.07.2023 16:57,нет,нет,red,нет,22841,1986.3,834.2,2211.7,1050.7,нет,1515.99,нет,нет,1224.99,нет,нет,нет,нет,нет,нет
26_12-20.mp4,нет,нет,нет,нет,нет,нет,нет,нет,нет,нет,red,нет,19342,46.2,0.0,416.0,139.4,нет,нет,нет,нет,нет,нет,нет,нет,нет,нет,нет
26_12-20.mp4,нет,нет,нет,нет,нет,нет,нет,нет,нет,нет,red,нет,18942,1935.7,2126.8,2135.0,2160.0,нет,нет,нет,нет,нет,нет,нет,нет,нет,нет,нет
26_12-20.mp4,нет,нет,999.99,нет,нет,нет,нет,нет,нет,нет,red,нет,30937,224.4,1783.6,355.4,1929.5,нет,нет,нет,нет,999.99,нет,нет,нет,нет,нет,нет
26_12-20.mp4,BEC 2015,2015.99,1199.99,нет,нет,нет,нет,01.05.2023 13:57,нет,нет,red,нет,20342,1844.3,0.0,2414.4,131.6,нет,2015.99,нет,нет,1199.99,нет,нет,нет,нет,нет,нет
26_12-20.mp4,нет,нет,100.99,нет,нет,нет,нет,нет,нет,нет,red,нет,22991,257.5,2037.6,391.0,2160.0,нет,нет,нет,нет,100.99,нет,нет,нет,нет,нет,нет
26_12-20.mp4,нет,нет,нет,нет,нет,нет,нет,нет,нет,нет,red,нет,20891,622.1,0.0,1266.9,180.0,нет,нет,нет,нет,нет,нет,нет,нет,нет,нет,нет
26_12-20.mp4,BMNO TRVENTO Resena Mambcr copr. opд кp. сyx (ApreHTw)0. 75L,1368.99,1199.99,нет,нет,-12%,нет,15.08.2023 13:58,нет,нет,red,нет,23041,2016.6,186.7,2224.7,391.5,нет,1368.99,нет,нет,1199.99,нет,нет,нет,нет,нет,нет
26_12-20.mp4,нет,нет,999.99,нет,нет,-20%,нет,нет,нет,нет,red,нет,30987,148.1,1321.3,263.3,1475.7,нет,нет,нет,нет,999.99,нет,нет,нет,нет,нет,нет
26_12-20.mp4,нет,нет,749.99,нет,нет,нет,нет,нет,нет,нет,red,нет,30937,871.9,1720.4,1038.8,1899.8,нет,нет,нет,нет,749.99,нет,нет,нет,нет,нет,нет
26_12-20.mp4,Bюо LA LNDA Man.bex uаоо0 кр. сух (Аргонтюю) 0. 75L,2210.99,1499.99,нет,нет,-32%,нет,20.05.2023 16:00,нет,Сухое,red,нет,30887,1966.6,1578.4,2156.7,1760.0,нет,2210.99,нет,нет,1499.99,нет,нет,нет,нет,нет,нет
26_12-20.mp4,нет,нет,нет,нет,нет,нет,нет,нет,нет,нет,red,К,24690,1816.2,0.0,2416.4,131.1,нет,нет,нет,нет,нет,нет,нет,нет,нет,нет,нет
26_12-20.mp4,Bнно ZUCCARDI Serio A Malbec rp. сух(Аргонтина) 0. 75L,2736.99,1799.99,нет,нет,-34%,нет,нет,нет,Сухое,red,нет,30937,1966.9,1082.2,2172.1,1451.3,нет,2736.99,нет,нет,1799.99,нет,нет,нет,нет,нет,нет
26_12-20.mp4,OSTT.AKWNL Dppcy A)0.,1052.03,879.99,нет,нет,нет,нет,05.08.2023 16:00,нет,нет,red,нет,30787,843.5,738.8,1006.7,925.0,нет,1052.03,нет,нет,879.99,нет,нет,нет,нет,нет,нет
26_12-20.mp4,нет,нет,нет,нет,нет,нет,нет,нет,нет,нет,red,нет,26239,151.7,9.6,407.0,176.3,нет,нет,нет,нет,нет,нет,нет,нет,нет,нет,нет
26_12-20.mp4,BeO TRUMPETEA Mam6e Tpyunerep Meндса coрт. 0pp.pcyx. (ACI)0. 75L,2045.99,1139.99,нет,нет,-44%,нет,05.06.2023 10:34,нет,Сухое,red,нет,30887,1993.0,644.9,2191.6,852.8,нет,2045.99,нет,нет,1139.99,нет,нет,нет,нет,нет,нет
26_12-20.mp4,нет,нет,нет,нет,нет,нет,нет,нет,нет,нет,red,нет,30937,138.1,606.0,260.2,770.3,нет,нет,нет,нет,нет,нет,нет,нет,нет,нет,нет
26_12-20.mp4,нет,нет,нет,нет,нет,нет,нет,нет,нет,нет,red,нет,27139,1928.7,2104.8,2104.5,2160.0,нет,нет,нет,нет,нет,нет,нет,нет,нет,нет,нет
26_12-20.mp4,нет,нет,1049.99,нет,нет,нет,нет,нет,нет,нет,red,нет,28738,704.3,0.0,1267.5,108.1,нет,нет,нет,нет,1049.99,нет,нет,нет,нет,нет,нет
26_12-20.mp4,нет,нет,нет,нет,нет,нет,нет,01.05.2023 10:49,нет,нет,red,нет,30987,890.8,0.0,1082.3,103.9,нет,нет,нет,нет,нет,нет,нет,нет,нет,нет,нет
26_2-10.mp4,нет,нет,нет,нет,нет,нет,нет,нет,нет,нет,red,нет,300,1941.9,2069.2,2074.6,2160.0,нет,нет,нет,нет,нет,нет,нет,нет,нет,нет,нет
26_2-10.mp4,нет,нет,599.99,нет,нет,нет,нет,нет,нет,нет,red,нет,0,843.2,1822.9,1009.2,2001.5,нет,нет,нет,нет,599.99,нет,нет,нет,нет,нет,нет
26_2-10.mp4,нет,нет,1399.99,нет,нет,-26%,нет,нет,нет,нет,red,нет,1500,1904.3,1988.3,2104.6,2156.2,нет,нет,нет,нет,1399.99,нет,нет,нет,нет,нет,нет
26_2-10.mp4,нет,267.99,1399.99,нет,нет,-26%,нет,01.06.2022 15:30,нет,нет,red,нет,0,1959.7,1324.0,2122.5,1598.9,нет,267.99,нет,нет,1399.99,нет,нет,нет,нет,нет,нет
26_2-10.mp4,нет,нет,1299.99,нет,нет,нет,нет,нет,нет,нет,red,Ш,350,1578.5,0.0,2558.7,213.3,нет,нет,нет,нет,1299.99,нет,нет,нет,нет,нет,нет
26_2-10.mp4,ENO CHATEAU LE GRAND VOSTOCK C. (PoCO)0 751,751.99,499.99,нет,нет,-34%,нет,нет,нет,2 по цене 1 от цены без карты,red,нет,1550,712.1,1211.3,906.7,1607.5,нет,751.99,нет,нет,499.99,нет,нет,нет,нет,нет,нет
26_2-10.mp4,нет,206.99,1679.99,нет,нет,-20%,нет,05.06.2024 10:34,нет,нет,red,нет,50,1921.7,1037.4,2160.4,1284.6,нет,206.99,нет,нет,1679.99,нет,нет,нет,нет,нет,нет
26_2-10.mp4,нет,334.99,699.99,нет,нет,-33%,нет,нет,нет,нет,red,нет,550,753.1,1575.7,957.2,1773.0,нет,334.99,нет,нет,699.99,нет,нет,нет,нет,нет,нет
26_2-10.mp4,нет,нет,1499.99,нет,нет,нет,нет,нет,8556 - 8556,нет,red,нет,50,1914.7,1973.1,2121.1,2144.8,нет,нет,нет,нет,1499.99,нет,нет,нет,нет,нет,нет
26_2-10.mp4,нет,нет,719.99,нет,нет,нет,нет,нет,нет,нет,red,нет,3499,158.9,1831.5,294.8,1989.6,нет,нет,нет,нет,719.99,нет,нет,нет,нет,нет,нет
26_2-10.mp4,нет,нет,770.99,нет,нет,нет,нет,нет,нет,нет,red,нет,1450,128.1,1710.7,258.3,1874.8,нет,нет,нет,нет,770.99,нет,нет,нет,нет,нет,нет
26_2-10.mp4,нет,нет,719.99,нет,нет,нет,нет,нет,нет,нет,red,нет,7899,56.9,1511.2,196.8,1676.1,нет,нет,нет,нет,719.99,нет,нет,нет,нет,нет,нет
26_2-10.mp4,нет,нет,нет,нет,нет,нет,нет,нет,нет,нет,red,нет,200,122.8,1652.4,250.4,1818.1,нет,нет,нет,нет,нет,нет,нет,нет,нет,нет,нет
26_2-10.mp4,Вжо АРSHА Peeсoe3ГY Хyба Геnе-д tp. е. (Posя) а. 75L Cyxoe Z421,421.99,1699.99,нет,нет,-29%,нет,22.05.2023 14:37,нет,Сухое,red,нет,1550,1919.6,1196.1,2157.9,1634.2,нет,421.99,нет,нет,1699.99,нет,нет,нет,нет,нет,нет
26_2-10.mp4,нет,нет,871.99,нет,нет,нет,нет,нет,нет,нет,red,нет,50,214.3,1968.0,375.9,2160.0,нет,нет,нет,нет,871.99,нет,нет,нет,нет,нет,нет
26_2-10.mp4,Вжно ДиКаР Штг N p C Рx 37Y Нp (P0c0)0.731 с1oe,731.37,1799.99,нет,нет,-43%,401272112,нет,нет,нет,red,нет,7899,754.3,1731.9,948.1,1921.2,нет,731.37,нет,нет,1799.99,нет,нет,нет,нет,нет,нет
26_2-10.mp4,B CHATEAU PNOT 3TY EYG (Po)0 15L Cyce,151.99,1299.99,нет,нет,-27%,нет,05.08.2023 16:59,нет,нет,red,нет,7749,1896.9,1930.5,2103.2,2110.9,нет,151.99,нет,нет,1299.99,нет,нет,нет,нет,нет,нет
26_2-10.mp4,нет,нет,нет,нет,нет,нет,нет,нет,нет,нет,red,нет,900,867.7,2105.1,1044.2,2160.0,нет,нет,нет,нет,нет,нет,нет,нет,нет,нет,нет
26_2-10.mp4,нет,нет,419.99,нет,нет,нет,нет,06.05.2023 10:15,нет,нет,red,нет,7849,0.0,804.3,109.4,1128.6,нет,нет,нет,нет,419.99,нет,нет,нет,нет,нет,нет
26_2-10.mp4,нет,нет,699.99,нет,нет,нет,нет,01.05.2023 10:27,нет,нет,red,нет,1500,1578.5,0.0,2600.6,167.0,нет,нет,нет,нет,699.99,нет,нет,нет,нет,нет,нет
26_2-10.mp4,ВиНОСОПНЕЧНАЯ ДОЛИНА КРИ Pecoickoe3ГY Xpuм p. Cк (Poся) 0. 75L,17752.99,1052.99,нет,нет,-33%,276147404,нет,нет,Сухое,red,Ш,7799,1904.1,1465.5,2137.7,1672.6,нет,17752.99,нет,нет,1052.99,нет,нет,нет,нет,нет,нет
26_2-10.mp4,нет,нет,нет,нет,нет,нет,нет,нет,нет,нет,red,нет,2300,519.9,0.0,1174.9,175.3,нет,нет,нет,нет,нет,нет,нет,нет,нет,нет,нет
26_2-10.mp4,нет,нет,нет,нет,нет,нет,нет,нет,нет,нет,red,нет,2050,1900.0,2122.5,2070.4,2160.0,нет,нет,нет,нет,нет,нет,нет,нет,нет,нет,нет
26_2-10.mp4,нет,нет,999.99,нет,нет,нет,нет,нет,нет,нет,red,нет,2700,1654.4,0.0,2488.2,136.9,нет,нет,нет,нет,999.99,нет,нет,нет,нет,нет,нет
26_2-10.mp4,Онню ДИкАРИ Шато Пино Каб. Фран 3ГУ Еубань Ногор. Росе. B cy. (POCCA)0.751 Cyxoe,3157.99,2299.99,нет,нет,-27%,нет,05.08.2023 16:57,нет,Сухое,red,нет,7799,672.9,845.4,874.0,1262.9,нет,3157.99,нет,нет,2299.99,нет,нет,нет,нет,нет,нет
26_2-10.mp4,BHIID ALAA VALLEY Роccийск 3Гу Крым Пино Нузр кр. сух.(Россия) 0. 75L,1368.99,999.99,нет,нет,-26%,нет,нет,нет,Сухое,red,нет,7749,1918.8,936.5,2170.6,1181.5,нет,1368.99,нет,нет,999.99,нет,нет,нет,нет,нет,нет
26_2-10.mp4,нет,нет,нет,нет,нет,нет,нет,нет,нет,нет,red,нет,7899,22.1,427.9,126.0,600.5,нет,нет,нет,нет,нет,нет,нет,нет,нет,нет,нет
26_2-10.mp4,нет,нет,769.99,нет,нет,нет,нет,нет,нет,нет,red,нет,4349,460.7,6.9,1201.6,220.5,нет,нет,нет,нет,769.99,нет,нет,нет,нет,нет,нет
26_2-10.mp4,нет,нет,нет,нет,нет,нет,нет,нет,нет,нет,red,нет,4399,1905.1,2121.2,2054.2,2160.0,нет,нет,нет,нет,нет,нет,нет,нет,нет,нет,нет
26_2-10.mp4,Вжо СHATEAШ P4ОТ Грав. Као Срн Росоееа. зП кро Ноеор. р. (Po6CM)0. 76L,1052.99,769.99,нет,нет,-26%,нет,10.12.2021 15:27,нет,нет,red,нет,7899,690.3,325.5,895.5,551.1,нет,1052.99,нет,нет,769.99,нет,нет,нет,нет,нет,нет
26_2-10.mp4,нет,нет,899.99,нет,нет,нет,нет,нет,нет,нет,red,нет,15648,67.4,1468.6,191.5,1634.6,нет,нет,нет,нет,899.99,нет,нет,нет,нет,нет,нет
26_2-10.mp4,нет,нет,532.99,нет,нет,нет,нет,01.06.2023 15:30,нет,нет,red,нет,5299,1744.7,0.0,2447.3,122.9,нет,нет,нет,нет,532.99,нет,нет,нет,нет,нет,нет
26_2-10.mp4,ВеНEДOР Pa Сооь 37 c. )0 7,842.99,662.99,нет,нет,-21%,нет,нет,нет,нет,red,нет,15598,724.1,1532.2,954.4,1887.9,нет,842.99,нет,нет,662.99,нет,нет,нет,нет,нет,нет
26_2-10.mp4,"O NKERAN Kбсpе 1ра 37 (Poca) 0. 72 Cyα TE3""",90212.99,599.99,нет,нет,-24%,нет,нет,нет,нет,red,нет,15598,1900.3,1908.1,2109.0,2091.7,нет,90212.99,нет,нет,599.99,нет,нет,нет,нет,нет,нет
26_2-10.mp4,нет,нет,899.99,нет,нет,нет,нет,08.06.2023 15:30,нет,нет,red,нет,15648,20.1,1123.1,130.5,1311.3,нет,нет,нет,нет,899.99,нет,нет,нет,нет,нет,нет
26_2-10.mp4,BмHO INKERMAN Сапераг Крши 3ГY PоссииCx. uр. cух (Pосся) 0. 751 Cyxoe,842.99,599.99,нет,нет,-28%,нет,08.05.2023 16:23,13_043015,Сухое,red,нет,15598,1906.6,1396.7,2133.5,1623.3,нет,842.99,нет,нет,599.99,нет,нет,нет,нет,нет,нет
26_2-10.mp4,нет,нет,279.99,нет,нет,нет,нет,01.05.2023 18:34,нет,нет,red,нет,10798,468.0,0.0,1181.6,177.9,нет,нет,нет,нет,279.99,нет,нет,нет,нет,нет,нет
26_2-10.mp4,нет,нет,219.99,нет,нет,нет,нет,нет,21_0219,нет,red,нет,15598,2.8,554.4,109.3,746.3,нет,нет,нет,нет,219.99,нет,нет,нет,нет,нет,нет
26_2-10.mp4,Bино IVERIA LAMAZO кp. n/ сл. (Рассия) 0. 75L,389.99,279.99,нет,нет,-28%,нет,нет,нет,нет,red,нет,15548,676.2,899.4,872.6,1106.0,нет,389.99,нет,нет,279.99,нет,нет,нет,нет,нет,нет
26_2-10.mp4,нет,нет,нет,нет,нет,нет,нет,нет,нет,нет,red,нет,15598,835.6,2077.3,1016.8,2160.0,нет,нет,нет,нет,нет,нет,нет,нет,нет,нет,нет
26_2-10.mp4,нет,нет,279.99,нет,нет,нет,нет,нет,нет,нет,red,нет,12698,388.6,1.1,1262.3,214.7,нет,нет,нет,нет,279.99,нет,нет,нет,нет,нет,нет
26_2-10.mp4,BVERIA LAMAO (Pucm)0.75,754.99,279.99,нет,нет,-28%,нет,нет,нет,нет,red,нет,23147,793.7,1999.1,995.7,2157.4,нет,754.99,нет,нет,279.99,нет,нет,нет,нет,нет,нет
26_2-10.mp4,нет,нет,659.99,нет,нет,нет,нет,нет,нет,нет,red,нет,23147,42.9,1377.6,156.3,1550.7,нет,нет,нет,нет,659.99,нет,нет,нет,нет,нет,нет
26_2-10.mp4,нет,нет,617.99,нет,нет,нет,нет,нет,нет,нет,red,нет,15648,241.7,2071.6,378.3,2160.0,нет,нет,нет,нет,617.99,нет,нет,нет,нет,нет,нет
26_2-10.mp4,Hcr8O,нет,519.99,нет,нет,нет,нет,нет,нет,нет,red,нет,16598,355.0,6.9,1274.0,217.3,нет,нет,нет,нет,519.99,нет,нет,нет,нет,нет,нет
26_2-10.mp4,SDERNET SAUVIGNON MERLOT,нет,449.99,нет,нет,нет,нет,нет,нет,нет,red,нет,16798,1470.1,2.3,2647.9,216.0,нет,нет,нет,нет,449.99,нет,нет,нет,нет,нет,нет
26_2-10.mp4,ВенО ЛЕГЕНДА 0UAО6 Сoвонcpт. . Cy.[Pocc)0.72.,799.99,519.99,нет,нет,-34%,нет,05.08.2023 10:34,нет,нет,red,нет,23097,717.2,1609.7,911.4,1796.5,нет,799.99,нет,нет,519.99,нет,нет,нет,нет,нет,нет
26_2-10.mp4,BиHю CANTANI Коберне Соаньон Мерпо кр. сух. (Poccma) 0.751 Cyxoe,751.99,449.99,нет,нет,-28%,нет,05.08.2023 16:15,нет,Сухое,red,нет,23147,1871.7,1639.7,2084.4,1841.3,нет,751.99,нет,нет,449.99,нет,нет,нет,нет,нет,нет
26_2-10.mp4,нет,нет,нет,нет,нет,нет,нет,нет,нет,нет,red,нет,17547,802.6,2092.4,966.2,2160.0,нет,нет,нет,нет,нет,нет,нет,нет,нет,нет,нет
26_2-10.mp4,нет,нет,659.99,нет,нет,нет,нет,нет,нет,нет,red,нет,17997,1560.3,1.3,2537.3,146.3,нет,нет,нет,нет,659.99,нет,нет,нет,нет,нет,нет
26_2-10.mp4,нет,нет,нет,нет,нет,нет,нет,нет,нет,нет,red,нет,18247,0.0,1.1,315.0,167.9,нет,нет,нет,нет,нет,нет,нет,нет,нет,нет,нет
26_2-10.mp4,ВиНоУРОПИ ФРАНЦУЗСКОГО Росойсх. ЗГУ Кубаь. Сяра ер cyx (PocCna)0. 75L,947.99,659.99,нет,270103434347,-30%,нет,07.05.2023 16:47,нет,нет,red,нет,23147,1872.1,1159.0,2099.3,1389.3,270103434347,947.99,нет,нет,659.99,нет,нет,нет,нет,нет,нет
26_2-10.mp4,нет,нет,259.99,нет,нет,нет,нет,нет,нет,нет,red,нет,23197,0.9,731.5,91.6,905.6,нет,нет,нет,нет,259.99,нет,нет,нет,нет,нет,нет
26_2-10.mp4,DHO VINO PARA LACENA столоное«р. n cn.(POcc=) 0. 75L,389.99,219.99,нет,нет,-43%,нет,нет,нет,нет,red,нет,23147,668.4,661.4,858.1,860.2,нет,389.99,нет,нет,219.99,нет,нет,нет,нет,нет,нет
26_2-10.mp4,нет,нет,нет,нет,нет,нет,нет,нет,нет,нет,red,нет,18897,1788.0,0.0,2325.9,81.5,нет,нет,нет,нет,нет,нет,нет,нет,нет,нет,нет
26_2-10.mp4,нет,нет,нет,нет,нет,нет,нет,нет,нет,нет,red,нет,21097,1892.8,846.5,2101.4,929.7,нет,нет,нет,нет,нет,нет,нет,нет,нет,нет,нет
26_2-10.mp4,нет,нет,нет,нет,нет,нет,нет,нет,нет,нет,red,нет,19597,831.1,2122.6,1018.0,2160.0,нет,нет,нет,нет,нет,нет,нет,нет,нет,нет,нет
26_2-10.mp4,нет,нет,нет,нет,нет,нет,нет,нет,нет,нет,red,нет,20647,0.0,0.0,319.9,151.2,нет,нет,нет,нет,нет,нет,нет,нет,нет,нет,нет
26_2-10.mp4,нет,нет,449.99,нет,нет,нет,нет,нет,нет,нет,red,нет,30596,91.1,1663.7,211.8,1830.7,нет,нет,нет,нет,449.99,нет,нет,нет,нет,нет,нет
26_2-10.mp4,нет,нет,нет,нет,нет,нет,нет,нет,нет,нет,red,нет,22847,1879.3,825.7,2116.7,909.8,нет,нет,нет,нет,нет,нет,нет,нет,нет,нет,нет
26_2-10.mp4,COPEN ДОПА Ш Pe. 37K 0.Pocc/a15,15.37,759.99,нет,нет,-27%,нет,05.06.2023 10:34,нет,нет,red,нет,30596,761.9,1871.3,966.0,2045.1,нет,15.37,нет,нет,759.99,нет,нет,нет,нет,нет,нет
26_2-10.mp4,нет,нет,459.99,нет,нет,нет,нет,нет,нет,нет,red,нет,24296,1599.7,0.0,2480.5,215.4,нет,нет,нет,нет,459.99,нет,нет,нет,нет,нет,нет
26_2-10.mp4,Вкно СОЛНЕЧНАЯ ДОПИНА Рсссийск ЗГУ Крыы кр. сух (Россия) 0. 751,736.99,459.99,нет,нет,-37%,нет,нет,нет,нет,red,К,25746,1933.5,732.3,2180.8,985.1,нет,736.99,нет,нет,459.99,нет,нет,нет,нет,нет,нет
26_2-10.mp4,нет,нет,нет,нет,нет,нет,нет,нет,нет,нет,red,нет,25646,1889.0,2121.9,2055.3,2160.0,нет,нет,нет,нет,нет,нет,нет,нет,нет,нет,нет
26_2-10.mp4,нет,нет,479.99,нет,нет,нет,нет,нет,нет,нет,red,нет,30596,7.1,800.7,118.9,983.7,нет,нет,нет,нет,479.99,нет,нет,нет,нет,нет,нет
26_2-10.mp4,нет,нет,нет,нет,нет,нет,нет,нет,нет,нет,red,нет,26646,237.9,2101.8,349.4,2160.0,нет,нет,нет,нет,нет,нет,нет,нет,нет,нет,нет
26_2-10.mp4,0-ст1Е9 роницнь Huere cтеpa on 6pa(Pocc (n0)0.74 GONT,652.99,479.99,нет,нет,-26%,нет,01.01.2024 15:30,нет,нет,red,нет,30596,702.6,361.6,932.9,575.6,нет,652.99,нет,нет,479.99,нет,нет,нет,нет,нет,нет
